Comentario,Relacion_Video,Emocion,Emocion_Dominante
Mentedrogada 2,No,Asco,Neutro
"0:38 
""Ya sabían que este día iba a llegar 💀💀""",Sí,Sorpresa,Neutro
"Riley y sus emociones ❌️
Riley y sus adicciones ✅️",No,Asco,Neutro
"2:16 lit desagrado  es la mejor en ""cosplay""",Sí,Sorpresa,Neutro
El recuerdo mas qlero de riley:,No,Sorpresa,Neutro
Lo mejor de este video son Ansiedad y Desagrado,Sí,Asco,Neutro
"9:12 Las emociones cantando ""Lamento Boliviano"" de Enanitos Verdes",Sí,Sorpresa,Neutro
Lo que muchos temíamos se hizo realidad ☠️,Sí,Ira,Neutro
los oidos de los vecinos: estoy cansado jefe😭🙏🙏,Sí,Tristeza,Neutro
El tristeza cuando Riley toma antidepresivos 🗿,Sí,Tristeza,Neutro
Mas que alegria parece marge simpson crecida en plantas nuclear,Sí,Sorpresa,Neutro
Pretexto para sacar a relucir su JOTERÍA la mema aponta jajaajajajajj,No,Alegría,Neutro
"Intensamente ❌

Mi perturbada mente ✅",Sí,Ira,Neutro
Nueva emoción desbloqueada: trauma☠️☠️☠️,Sí,Asco,Neutro
"Sobreexplotación de enanitos, literalmente willie Wonka🗿🍷",No,Asco,Neutro
"2:05"" tengo hemorroides""!",No,Asco,Neutro
ESTE VIDEO ME DIO MUCHA ANSIEDAD,Sí,Miedo,Neutro
2:19  desagrado tiene toda la razon en los disfrases,Sí,Ira,Neutro
Sabes lo mejor me dio mucha gracia cuando tristeza se cae,Sí,Alegría,Neutro
"3:52 ""me encanta tu pelona"" JAJAJAJA 💀",Sí,Alegría,Neutro
Son las emociones de un cricoso,Sí,Ira,Neutro
Intensamenteesquizofrénica 2,Sí,Alegría,Neutro
Intensamente Perú 2,Sí,Neutro,Neutro
Intesamente mexicano,Sí,Sorpresa,Neutro
Esa es la mente de memo🤣🤣🤣🤣😂,Sí,Alegría,Neutro
Cada vez está,Sí,Sorpresa,Neutro
​ @EhidanJesúsTéllezgonsalez2024  TOY TRITE 🗣️🗣️🔥🔥🔥,Sí,Ira,Neutro
*Intensamentedrogada 2,Sí,Asco,Neutro
​@Marsal7887 sólo en cines 🥶👌,No,Sorpresa,Neutro
 @Marsal7887  asi se tiene que llamar,No,Neutro,Neutro
esa es ansiedad oh inmadurez?,Sí,Ira,Neutro
Alegría trae rifle 😅,Sí,Sorpresa,Neutro
Drogadamente 2,No,Asco,Neutro
Si😂😂😂😂😂😂😹😹😹😹😹🤪🤪🤪,Sí,Alegría,Neutro
" @davidnicolaszepedasolis2025  Alrevez de España, con poco presupuesto",No,Asco,Neutro
😂😂😂😂😂😂😂😂😂😂😂😂😂😂😂😂😂😂😂😂😂😂😂,Sí,Alegría,Neutro
XD,Sí,Alegría,Neutro
XDDDDD😂,Sí,Alegría,Neutro
"La plena tienen q poner el nombre a la película ""Mentedrogada 2"" 🥵👌",Sí,Ira,Neutro
Autistamente 2,No,Neutro,Neutro
"XDDDDDDDDDDDDXDDDDDDDDDXDDDDDDDDDDXDDDDDDDDDDDDDXDDDDDDDDDDDDDDDDDD
XDD",Sí,Alegría,Neutro
JAJAJA,Sí,Alegría,Neutro
"Jajaja, mano, casi me ahogo",Sí,Alegría,Neutro
Así es jajaja,Sí,Alegría,Neutro
Próximamente megamente vs el sindicato de la perdición 😎,No,Sorpresa,Neutro
Drogadamente 2,No,Neutro,Neutro
Intensadroga 2,No,Sorpresa,Neutro
Crikos0s intensos 2,Sí,Neutro,Neutro
Literal,Sí,Sorpresa,Neutro
😂,Sí,Alegría,Neutro
Drogadamente,No,Asco,Neutro
Jajajaja jajaja jajajaja,Sí,Alegría,Neutro
Xd,Sí,Sorpresa,Neutro
Literal,Sí,Sorpresa,Neutro
Literalmente si es,Sí,Asco,Neutro
MenteDrogada 2 xD,No,Sorpresa,Neutro
Te guro jaja,Sí,Alegría,Neutro
Lisiados 2,No,Neutro,Neutro
Es visio intenso 2 😂,Sí,Sorpresa,Neutro
JAJJAJAJJAJ,Sí,Alegría,Neutro
Xd,Sí,Alegría,Neutro
JAJAJAJAJAJAJJJAAA,Sí,Alegría,Neutro
😂😂😂😂🤣🤣🤣🤣,Sí,Alegría,Neutro
Literaaal 😂,Sí,Alegría,Neutro
Intensadroga 2,Sí,Sorpresa,Neutro
Vicio intenso 2,Sí,Asco,Neutro
😂😂😂😂,Sí,Alegría,Neutro
Mentedroga tu cara,No,Sorpresa,Neutro
Literal,Sí,Sorpresa,Neutro
Jajajaja,Sí,Alegría,Neutro
Intensadroga y intensadroga 2,No,Sorpresa,Neutro
Jajajajaj si,Sí,Alegría,Neutro
Jajaja 😃😂😂😂,Sí,Alegría,Neutro
Xd😂,Sí,Alegría,Neutro
Vicios intensos 2,Sí,Sorpresa,Neutro
DrogadaMente 2,No,Neutro,Neutro
😂😂😂😂😂😂😂. Masterpiece ever. Vengo por memes random 😂😂😂😂😂😂,Sí,Alegría,Neutro
Memo nos lleva a vivir un día en Intensamente 2. ¡Qué increíble experiencia!,Sí,Alegría,Neutro
Jajaja,Sí,Alegría,Neutro
JAJAJAJAJAJAJA,Sí,Alegría,Neutro
Mariguana 2,No,Neutro,Neutro
Culeadaintensa 2,Sí,Sorpresa,Neutro
7/10,No,Neutro,Neutro
XDDDDDDDDDD,Sí,Alegría,Neutro
Tú ni hables ☺️💢,No,Ira,Neutro
XDDDDD,Sí,Alegría,Neutro
literal,No,Neutro,Neutro
Juega con herramientas peligrosas,No,Miedo,Neutro
Cuándo se va de otra forma de intensamente dos a dónde estaban sus amigos,Sí,Curiosidad,Neutro
👁️‍🗨️😃😃😃😃😃🎉🎉🎉🎉🎉💌,Sí,Alegría,Neutro
"Hola
Un
L
Io",No,Neutro,Neutro
😅😅😅😅😅😅😅😅😅😅😅😅😅😂😂😂😂,Sí,Alegría,Neutro
El,No,Neutro,Neutro
Intensamente 2,Sí,Sorpresa,Neutro
Eseriomente,No,Neutro,Neutro
Placenteramente 2,Sí,Sorpresa,Neutro
Te mamaste.,No,Ira,Neutro
Intensamente de bajo presupuesto 🤙🤑,Sí,Sorpresa,Neutro
Jaja,Sí,Alegría,Neutro
Jajajajajjajajajjajsjajajsj felizidad drogada los enanitos de blancanieves,Sí,Alegría,Neutro
Callate w,No,Ira,Neutro
 @LukazMatias  Quien te pregunto,No,Neutro,Neutro
Intensamentefumada 2,No,Neutro,Neutro
Hoo este comentario es muy muy MUY correcto denle like para que mentedregada 2 deje las dregas,No,Sorpresa,Neutro
Listo,No,Neutro,Neutro
WTF por qué tu foto de perfil es igual XD,No,Sorpresa,Neutro
 @1_blox_666_uwu  TOY TRITE 🗣️🗣️🗣️🗣️🔥🔥🔥🔥,Sí,Sorpresa,Neutro
TV un,No,Neutro,Neutro
XDDD,Sí,Alegría,Neutro
Jajajajajajaja,Sí,Alegría,Neutro
XD,Sí,Alegría,Neutro
X2,Sí,Asco,Neutro
"Va a pasar otra vez, va a pasar otra vez, va, a... Pasar... Otra... Ves 😭💔",Sí,Tristeza,Neutro
el fin se acerca.,No,Sorpresa,Neutro
Contexto:,No,Neutro,Neutro
"la banda de enanos cuando se llevaron a tristeza:
tristeza:ToY mUy TrIsTe😭😭",Sí,Tristeza,Neutro
Los vecinos literal viven en el lugar más macabro del mundo jajajajaajaja,No,Alegría,Neutro
Pobrecitos los vecinos 😭,Sí,Tristeza,Neutro
 @wip3rmaniaxd  lo sé😞💔,Sí,Tristeza,Neutro
{/ “,No,Neutro,Neutro
"Una nueva emoción wow


Hola soy traumatismo",Sí,Sorpresa,Neutro
😹👌,Sí,Alegría,Neutro
Esta.   Mui.   Histoso😂,Sí,Alegría,Neutro
ya le diste ideas en el próximo video saldrá disfrazado de willie wonka con los enanos disfrazados de umpalumpas,Sí,Sorpresa,Neutro
Aña,No,Neutro,Neutro
Casi el mismo nombre,No,Neutro,Neutro
XDD,Sí,Alegría,Neutro
JAJAJAJ,Sí,Alegría,Neutro
Om❤❤😂😂😂🎉🎉,Sí,Alegría,Neutro
6:29,Sí,Neutro,Neutro
6:39 6:39 6:39,Sí,Neutro,Neutro
Lit🗿👌,Sí,Alegría,Neutro
Hola entiros,No,Neutro,Neutro
La cgd,No,Neutro,Neutro
!,Sí,Alegría,Neutro
En efecto,Sí,Sorpresa,Neutro
jajajaja medios metros,Sí,Alegría,Neutro
😡😢,Sí,Ira,Neutro
😂,Sí,Alegría,Neutro
Comoestas🎉,Sí,Alegría,Neutro
Llama a Willy para que rescate a sus enanos,No,Sorpresa,Neutro
revivió el cine 🗿,Sí,Alegría,Neutro
😊😊😊😊😊,Sí,Alegría,Neutro
😅,Sí,Alegría,Neutro
6:39 6:39 6:39,No,Neutro,Neutro
En el lado misterioso de la isla  wo do wo do 🗿,No,Asco,Neutro
A cantar la canción de Violeta mora azul,No,Neutro,Neutro
Se alucino willy wonka xddd,Sí,Alegría,Neutro
Tráigame al Willy para decirle que se le escaparon los oompa loompas 🗿😂,Sí,Alegría,Neutro
😢,Sí,Tristeza,Neutro
😊​ @vicxd_jejejeje ,No,Neutro,Neutro
:c,Sí,Asco,Neutro
😂😂😂😂,Sí,Alegría,Neutro
Y tu nariz tambien,No,Neutro,Neutro
Is that sukarisa😢,Sí,Asco,Neutro
"2:17 bueno, almenos uno de ellos lo admito",Sí,Ira,Neutro
"Intensamente 2 ❌
Drogamente 2 ✔️",Sí,Ira,Neutro
Intesamente 2:❌                                                                                                                                                                                                      Intesamuerte 2✅,No,Ira,Neutro
2:17 asta desagrado lo admite,Sí,Asco,Neutro
3:49 el grinch azul xd,Sí,Sorpresa,Neutro
"Intensamente 2:❌❌
Drogadamente 2:✅✅🤑👌",Sí,Sorpresa,Neutro
6:51  amo ser annesidad,No,Neutro,Neutro
"Intensamente 2:❌
Sal de mi mente 2:☑️",Sí,Sorpresa,Neutro
2:10 Desagrado tiene opiniones muy sabias,No,Asco,Neutro
4:28 la mejor pate del video,Sí,Alegría,Neutro
5:35 la cara de desagrado en pausa,Sí,Asco,Neutro
"""Desgraciadamente"" tenia que pasar",Sí,Tristeza,Neutro
"9:15 Martu, Caine, Jax, Bloo, Wildo y Om Nom en el auto",No,Neutro,Neutro
El único buen cosplay es el de desagrado XD,Sí,Alegría,Neutro
0:09 resumen del video:,Sí,Neutro,Neutro
Yo y mis primos cuando nos agarra la esquizofrenia alas 3 de la mañana 😂😂,No,Sorpresa,Neutro
IntensaMuerte 2 💀,Sí,Sorpresa,Neutro
1:56 estoy viendo a furia? Al Dr. Zoidberg? O a don cangrejo?,Sí,Sorpresa,Neutro
Me encantan sus videos y me gustaría ser alegre ❤,Sí,Alegría,Neutro
2:13 Este es el único punto bueno,Sí,Asco,Neutro
La risa del enano rojo 😂,Sí,Alegría,Neutro
Pero yo dije eso,No,Neutro,Neutro
Insanamente 2,Sí,Sorpresa,Neutro
"Intensamente ❌

Saldemimente ✔️",Sí,Asco,Neutro
Vicio intenso 2,Sí,Alegría,Neutro
Yo dije eso,No,Neutro,Neutro
Si XD,Sí,Alegría,Neutro
🎉😢,Sí,Alegría,Neutro
​ @jeseniaguido3514 😭😥😐🙂🥲🙂 😊😂🤣🤣🤣🤣🤣🤣🤣,Sí,Alegría,Neutro
😂😂😂😂😂😂😂😂😂😂🎉🎉🎉🎉🎉🎉,Sí,Alegría,Neutro
"intensamente 2 ❌
Vicio intenso 2✅",Sí,Sorpresa,Neutro
Criko intenso 2 😼,Sí,Sorpresa,Neutro
Jajaja,Sí,Alegría,Neutro
Locamente 2 😂😂,Sí,Alegría,Neutro
Esquizofrenicamente 😬,Sí,Asco,Neutro
 @LorenzaLorenza-cw9dw   jajaja,Sí,Alegría,Neutro
😅🎉,Sí,Alegría,Neutro
sal de mi mente 2🤑😎✅✅,Sí,Alegría,Neutro
Literal,Sí,Neutro,Neutro
La furia 😂😂,Sí,Ira,Neutro
Comentario robado🗿 e infravalorado,Sí,Ira,Neutro
 @GAMEOVER-si1yp Huh?,No,Neutro,Neutro
Ture,No,Neutro,Neutro
Si jaja,Sí,Alegría,Neutro
Real,No,Neutro,Neutro
Si si,No,Neutro,Neutro
"Tu,M ser😊",Sí,Alegría,Neutro
Destruye mi mente....,Sí,Asco,Neutro
Ver,No,Neutro,Neutro
Vicio intenso 2,Sí,Neutro,Neutro
Me identifico con desagrado xd,Sí,Asco,Neutro
Yoo,No,Neutro,Neutro
Nos salió basada la que hizo de desagrado XD,Sí,Alegría,Neutro
5:36 está más xd,Sí,Alegría,Neutro
Ya la vi😂😂😂😂😂😂😂😂😂😂,Sí,Alegría,Neutro
L9s ojos están bloancos,No,Asco,Neutro
el buen cosplay es el de furia 🤑,Sí,Sorpresa,Neutro
Jajaja,Sí,Alegría,Neutro
Lit,Sí,Sorpresa,Neutro
Si tienes razón hombre!,Sí,Alegría,Neutro
De hecho y el de vergüenza se podría decir que también,Sí,Sorpresa,Neutro
Covers IA...,No,Neutro,Neutro
Solo ese xd,Sí,Alegría,Neutro
Lite,No,Asco,Neutro
Y nostalgia,Sí,Nostalgia,Neutro
Supongo,No,Neutro,Neutro
Y alegría  xd,Sí,Alegría,Neutro
Pajin,No,Neutro,Neutro
concuerdo,No,Neutro,Neutro
Y ansiedad con esquizofrenia,Sí,Miedo,Neutro
Sii,No,Neutro,Neutro
Y tambien el de envidia,No,Neutro,Neutro
Y tambien el de envidia,No,Ira,Neutro
Ja 😂ja,Sí,Alegría,Neutro
Lo dices porque hoy en día todos se quieren Follar a Desagrado XD,No,Ira,Neutro
Tgd,No,Neutro,Neutro
Literal,Sí,Asco,Neutro
😊,Sí,Alegría,Neutro
ansiedad es que te quiero mandar un mensaje y me llamo renata saludos quisiera estoy mi cerebro,No,Neutro,Neutro
"2:33 tristeza ✖️
Ñitesa ✔️",Sí,Tristeza,Neutro
6/10,No,Neutro,Neutro
3/10,No,Neutro,Neutro
A dónde tan basado?,No,Asco,Neutro
Cada día más basado,Sí,Ira,Neutro
XD,Sí,Alegría,Neutro
Literal,Sí,Sorpresa,Neutro
Hoy amaneció basado 🚬🗿,No,Sorpresa,Neutro
La drogaintensa2,Sí,Neutro,Neutro
Lit,Sí,Asco,Neutro
Literal,Sí,Sorpresa,Neutro
Super si 😂😂😂,Sí,Alegría,Neutro
XD,Sí,Alegría,Neutro
XD,Sí,Alegría,Neutro
XD,Sí,Alegría,Neutro
Ko  siiiiiiiiiiiiiiiii,Sí,Sorpresa,Neutro
XD,Sí,Alegría,Neutro
Facts,No,Neutro,Neutro
2:38 😂😂😂 Se golpea,Sí,Alegría,Neutro
XD,Sí,Alegría,Neutro
😂😂😂😂,Sí,Alegría,Neutro
Explicado en una palabra XD,Sí,Sorpresa,Neutro
JAJAJAJAJA,Sí,Alegría,Neutro
Soy el like 1k :o,Sí,Alegría,Neutro
*c cae*,No,Neutro,Neutro
A los tres e,No,Neutro,Neutro
Es una fusión que salió mal,Sí,Ira,Neutro
En efecto,Sí,Neutro,Neutro
2:34 trauma desbloqueado,Sí,Sorpresa,Neutro
Si,Sí,Neutro,Neutro
(editado) Si xd 😼,Sí,Alegría,Neutro
Estoy totalmente de acuerdo ​ @NatTheSealOwO ,Sí,Neutro,Neutro
De,No,Neutro,Neutro
 @zaletvalle7793  Do xd,No,Neutro,Neutro
A mí también me gustó mucho el enano rojo 😼,Sí,Alegría,Neutro
Concuerdo con desagrado🗿🍷,Sí,Asco,Neutro
Esta version de intensamente que parece live actions es  Cine es lo mejor por que es demasiado XDdxddx jajjajaja,Sí,Alegría,Neutro
"Fua, pues si que está intensa la mente 🫡",Sí,Sorpresa,Neutro
"""Columpiando el tamarindo"" 😂😂😂",Sí,Alegría,Neutro
Jajaja este furia bailando,Sí,Alegría,Neutro
Así son nuestras emociones en la vida real,Sí,Sorpresa,Neutro
La mente de Riley cuando conoció la María Juana:,No,Sorpresa,Neutro
0:09 el total resumen del video,Sí,Neutro,Neutro
ME ENCANTA CUANDO SE CAE TRISTEZA,Sí,Tristeza,Neutro
4:55 porque tanta violencia,Sí,Asco,Neutro
2:16  Desagrado diciendo verdades 🗣🔥🔥🔥,Sí,Ira,Neutro
Furia y desagrado: donde esta mi diploma de actuacion?,Sí,Ira,Neutro
4:07 porque parece Merlina Adams combinado con AimeP3 ☠️,Sí,Sorpresa,Neutro
Intensamente 2 ❌ Sal de mi mente 2✅,Sí,Neutro,Neutro
"Intensamemte 2 ✖️ 
Drogadamente 2 ✔️",Sí,Sorpresa,Neutro
Yo Si Quisiera Ir A Ver La Película👍👏🙌🎥🍿!,Sí,Alegría,Neutro
Tensamente 2: ahora es personal,Sí,Sorpresa,Neutro
2:16 hasta q al fin la Desagrado lo admite,Sí,Desagrado,Neutro
6:12 vergüenza:perrea a lo loco*,Sí,Ira,Neutro
"Vi El Video Donde Un Wey Vio Esto En Persona: 

Debio Ser Una Pesadilla Para El.",Sí,Miedo,Neutro
4 :32  😂😂😂 se le ve asta el alma,Sí,Alegría,Neutro
Literal 🔥🔥🔥,Sí,Alegría,Neutro
Literal,Sí,Asombro,Neutro
Lo confirmo 💀,Sí,Miedo,Neutro
XDDDD,Sí,Alegría,Neutro
😂😂😂😂,Sí,Alegría,Neutro
0️⃣/💯,No,Neutro,Neutro
XD,Sí,Alegría,Neutro
XD,Sí,Alegría,Neutro
Xd,No,Neutro,Neutro
Lo puedes pasar?,Sí,Sorpresa,Neutro
Pasalo,Sí,Sorpresa,Neutro
Pasalo,Sí,Alegría,Neutro
Lo único rescatable es desagrado xd,Sí,Asco,Neutro
2:18 WTF?!!,Sí,Ira,Neutro
El recuerdo de riley de cuando probo el fentanilo,No,Tristeza,Neutro
El disfraz de desagrado es el q irónicamente menos me desagrada de todos 😅.,Sí,Alegría,Neutro
2:40 Oompa Lumpa Depresivo,Sí,Asco,Neutro
Voy a tener pesadillas con estas emociones 💀💀🔪🩸☠️,Sí,Miedo,Neutro
F por la chica que se vistió de Desagrado,Sí,Asco,Neutro
Desagrado es la mejor de todo ahi,No,Asco,Neutro
"Me encanta, la peli se llama vicio intenso😊😊😊",Sí,Alegría,Neutro
4:55 jaja el furia el tumba abuelitas🤑,Sí,Alegría,Neutro
6:00 viendo memes 😀👍,No,Alegría,Neutro
"raili y sus emociones ❌
raili y sus adicciones ✅",No,Sorpresa,Neutro
4:26 Este va a ser la parte mas reproducida del video XD,Sí,Alegría,Neutro
Ya pero lo bonito que esta el cosplay de desagrado,Sí,Asco,Neutro
4:54 CAIA RE DURO JKAJAKAKJAKA,No,Asco,Neutro
5:04 en tij tok en la academi,No,Neutro,Neutro
"Intensamente 2:❌
Drogadamente 2:✅🤑🤙",Sí,Miedo,Neutro
0:01 donde empieza los traumas💀👊,Sí,Ira,Neutro
Parecen los típicos personajes de una película snuff,Sí,Asco,Neutro
9:52 un jugito🥺,Sí,Sorpresa,Neutro
XD,Sí,Alegría,Neutro
Si,Sí,Sorpresa,Neutro
X2,No,Neutro,Neutro
"Siii a mi también! Es el único digno, aceptable, y EL QUE SE SALVA… X3",Sí,Alegría,Neutro
xD,Sí,Alegría,Neutro
🤷,No,Neutro,Neutro
Siempre ella tiene los mejores disfraces,Sí,Alegría,Neutro
Ufff desagrado digo si lo unico bueno,Sí,Asco,Neutro
Ya te vi Covers IA,No,Neutro,Neutro
¡¡¿¿Que le hace a mi waifu??!! 😡😡,Sí,Ira,Neutro
🤨,No,Neutro,Neutro
Resulto q si XD,Sí,Alegría,Neutro
Digo Coñ*?,No,Ira,Neutro
Y como sabes xd,Sí,Alegría,Neutro
El sin esquinas🥵🤑,No,Ira,Neutro
😂🤣👍🤮 4:36 4:36,Sí,Alegría,Neutro
Qué chlng@d0$????,No,Neutro,Neutro
Chi 💕,No,Neutro,Neutro
Que genial se ve todo!!,Sí,Alegría,Neutro
Quiero que pongan esto en mi funeral para que me envidian que estoy muerto,Sí,Sorpresa,Neutro
Pov: cuando te pones un traje alegría automática mente todos ¡Los drogados intensos!,Sí,Alegría,Neutro
"Intensamente 2:❌
Jodidamente 2 :✅",Sí,Ira,Neutro
Top Creepypastas,No,Neutro,Neutro
1:56 Oopa Lompa Cricoso,No,Asco,Neutro
9:43 Me Dio Risa Esta Parte Cuando Tristeza Agarra los Pañales😂😂😂😂🤣🤣🤣🤣,Sí,Alegría,Neutro
también me gusta la  parte donde rylie conoce a walter white 😊😊,Sí,Alegría,Neutro
2:07 tengo hemordies 🤑🤙,Sí,Sorpresa,Neutro
ni alegria  ni todas. las emosiones,No,Neutro,Neutro
9:12 ansiedad asomándose por el carro y desagrado con la mirada de las mil obligaciones 😂😂,Sí,Ira,Neutro
Desagrado esta ufff,Sí,Asco,Neutro
Furia❤😊              te.                 Quiero❤,Sí,Alegría,Neutro
Pov: cuando compras intensamente 2 en el mercado de la esquina XD,No,Sorpresa,Neutro
2:16 Opina lo mismo que nosotros 🗿,Sí,Neutro,Neutro
"3:53 me encanta tu pelona akjdkskdjd
(Aun asinme sigue traumando😢)",Sí,Tristeza,Neutro
1:36 inicio de el trauma💀💀👹👹👹,Sí,Asco,Neutro
Internados 2,No,Neutro,Neutro
Memo nos lleva a vivir un día en Intensamente 2. ¡Qué increíble experiencia!,Sí,Alegría,Neutro
Estos videos son una joya de el arte contemporáneo moderno actual,Sí,Sorpresa,Neutro
Ya tu sabes… Desagrado lanzando factos 🗿🗿🗿xD🗿🗿,Sí,Ira,Neutro
Ya duerman al uriel como los perritos,No,Sorpresa,Neutro
 @icesombi  :truestory:,Sí,Sorpresa,Neutro
Hola mau mau mau,No,Neutro,Neutro
Quien me acompaña a llevarlo a terapia 🗿,Sí,Sorpresa,Neutro
5:35 la cara de desagrado está en pausa,Sí,Asco,Neutro
9:20 te amare por siempreeeee,Sí,Alegría,Neutro
Ya listo ahora me voy a llenar los ojos con asido,No,Asco,Neutro
El cliente : pero si es la original?,Sí,Sorpresa,Neutro
Me.               Gusta.              Tus.               Videos.      😊,Sí,Alegría,Neutro
"las emociones de Riley:❌
las emociones de un cricoso: ✔️",Sí,Sorpresa,Neutro
Imaginense que aparesca deprecion y locura😂😂😂❤❤,Sí,Alegría,Neutro
Holle memoaponte has video de Temor y Desagrado Besándose  por favor 🙏,No,Sorpresa,Neutro
4:49 Se parece ami Abuela xD,Sí,Alegría,Neutro
buena para las afueras del mall presentando la pelicula😅😅😅,Sí,Alegría,Neutro
4:32 hablan en lengua de seña,Sí,Sorpresa,Neutro
La versión que todos queriamos😢,Sí,Tristeza,Neutro
"Intensamente 2:🚫🚫🚫🚫🚫🚫


Memo drogado 20000:🥵👌🤑🤟🧐🍷🚬





4:37 un borracho cuando hace del baño",Sí,Ira,Neutro
soy tu fan memo esce estoy en mí país es perú😊,No,Alegría,Neutro
"Intensamente2 y al revés2: 🤮🙄🤬👊
Mentesquizofrénica 2 y drogadamente2: 😻😍😎💅",Sí,Asco,Neutro
Y aquí vamos de nuevo,Sí,Neutro,Neutro
"Inmensamente 2: ❌️
Destruye mi mente: ✅️",Sí,Sorpresa,Neutro
"Por favor libera a los chaparritos 

Deben tener familia que los extrañe 😢",No,Tristeza,Neutro
3:51 me encanta tu pelona 😂😂😂😂𝑎𝑗𝑎𝑗𝑎𝑗,Sí,Alegría,Neutro
Yo vi esa película de intensamente 2,Sí,Neutro,Neutro
6:28,Sí,Sorpresa,Neutro
4:54 mi parte favorita xd,Sí,Alegría,Neutro
😅,Sí,Alegría,Neutro
El es su familia 😂😂,Sí,Alegría,Neutro
Humor?,Sí,Curiosidad,Neutro
Esa es intensamente 3 vdd? Donde Riley se mete en vicios vdd,Sí,Ira,Neutro
Las puras emociones de medio metro,Sí,Sorpresa,Neutro
Ni nostalgia se salvo 😔,Sí,Tristeza,Neutro
4:27 😂😂😂😂,Sí,Alegría,Neutro
2:26 😂😂😂😂,Sí,Alegría,Neutro
y nostalgia tambien,Sí,Nostalgia,Neutro
Por qué memo está vestido de march Simpson?,No,Confusión,Neutro
3:53 me encanta tu pelona 😂,Sí,Alegría,Neutro
Nostalgia a puras penas camina🗿🍷🤑,Sí,Tristeza,Neutro
Vicio intenso 2,Sí,Asco,Neutro
ELVICIO INTENSO 2,Sí,Asco,Neutro
Gracias por alegrarme el día memo,Sí,Alegría,Neutro
8:36  xd😂😂😂😂,Sí,Alegría,Neutro
Que nadie se entere que estoy viendo esto 😔,Sí,Sorpresa,Neutro
Intensamente 2✋😍🥰.,Sí,Alegría,Neutro
POR QUE MEMO PORQUEEEEEEEEEEEEEEEEEEEEEEEEEEEEEEEEEEEEEEEEEEEEEEEEEEEEEEEE,No,Asco,Neutro
Tengo pesadillas de esto 😭,Sí,Tristeza,Neutro
"4:07 todo el día viendo memes
Jajaja literal yo",Sí,Alegría,Neutro
La siento intensa 2,Sí,Sorpresa,Neutro
2:31 que marica me mato de la risa,Sí,Alegría,Neutro
"Es tan absurdo que da risa xd,y más furia",Sí,Alegría,Neutro
XD,Sí,Alegría,Neutro
Ya me entere,No,Neutro,Neutro
Yo también me enteré.,No,Neutro,Neutro
Bueno si dejas un comentario que dice que nadie se entere que estoy viendo esto es que ya se van a enterar que ya estás viendo esto tarde o temprano,Sí,Ira,Neutro
Xd,Sí,Alegría,Neutro
X2,No,Neutro,Neutro
Lo q,No,Neutro,Neutro
Le voy a decir a tus papis 🫵😹,Sí,Alegría,Neutro
Litt jajajaj,Sí,Alegría,Neutro
Ya le dije s mi tía osea soy tu prima,No,Neutro,Neutro
Oe polo menos respetando un poco! PORFA 😢,Sí,Tristeza,Neutro
Ya me entere,No,Neutro,Neutro
Es en omenaje,Sí,Neutro,Neutro
yo,No,Neutro,Neutro
X2,No,Neutro,Neutro
Mis favoritos,Sí,Sorpresa,Neutro
"AL FIN UN VIDEO SIN CHISTES DE DOBLE SENTIDO🎉❤




















lástima el final...",Sí,Tristeza,Neutro
"3:18 Yo: Mamá estoy aburrido

Yo que entiende mi Mamá:",Sí,Alegría,Neutro
Tu eres. Alegria❤❤,Sí,Alegría,Neutro
2:16 Generacion Z resumen:,No,Neutro,Neutro
"Aqui para activar el escudo anti crange  
👇",No,Neutro,Neutro
4:35 esta parte me a hecho reir mucho jajajajaja😂😂,Sí,Alegría,Neutro
Creo que Riley tomo sustancias ilicitas y por eso las emociones son así 😨,Sí,Asco,Neutro
Esquizofrénia 2😻😻😻,No,Sorpresa,Neutro
4:07 xD todo el dia viendo memes  xd,No,Alegría,Neutro
When se hizo canon la película de vicio intenso 2 🤑,Sí,Neutro,Neutro
Prestame a desagrado😍,No,Sorpresa,Neutro
Jajaja 😂    los   disfraces,Sí,Alegría,Neutro
La cara de furia me recuerda al cangrejo de la sirenita xdd😂 4:56,Sí,Alegría,Neutro
8:10 referencia al resplandor xd,Sí,Sorpresa,Neutro
Tremendo golpe que se dio la abuela,No,Asco,Neutro
"Aqui los que vienen del video
APARECE MAMA ADVIRTIENDO SOBRE LLEVAR A SUS HIJOS A VER INTENSAMENTE 2
De Undea2",Sí,Alegría,Neutro
es alegria o Marge?,Sí,Sorpresa,Neutro
Me gusto mucjo tu bideo soi fan ❤❤😅😂😂,Sí,Alegría,Neutro
Que nadie se entere que veo esto...,Sí,Miedo,Neutro
Hola,No,Neutro,Neutro
😊,Sí,Alegría,Neutro
",💀💀",No,Neutro,Neutro
"Es Maregría, la emoción que marea",Sí,Sorpresa,Neutro
Ninguna de las 2 es drogadina,No,Neutro,Neutro
Jajajaja justo!,Sí,Alegría,Neutro
Una funcion que causo una radiación en Springfield,No,Neutro,Neutro
X2,No,Neutro,Neutro
X3,No,Neutro,Neutro
4X,No,Neutro,Neutro
"Disfras de las demas emociones:🤢🤮🤮🤮🤮

El de desagrado:❤🤑🤩🤩🤩🤩😍😍",Sí,Asco,Neutro
Sustancias en mi mente,No,Asco,Neutro
0:10 se cae 👍,Sí,Alegría,Neutro
Lo único bueno es desagrado JAJAJA,Sí,Asco,Neutro
Esta un personaje de Smiling Friends,No,Neutro,Neutro
9:56 Banda medio metro y compañia xd,Sí,Alegría,Neutro
6:00 viendo memes,No,Neutro,Neutro
Encantan tus Videos❤😊,Sí,Alegría,Neutro
FALTO POPO DE PETER GRIFFIN,No,Ira,Neutro
9:43 Tristeza: toy muy tristeee alegria: q es eso son pañales?XD,Sí,Tristeza,Neutro
2:37 Hola tristeza qué tienes me fumé algo 😢😢,Sí,Tristeza,Neutro
Aqui es en donde pierdo mi sanidad mental,Sí,Tristeza,Neutro
Que tiene que ver Marge Simpson aquí,No,Sorpresa,Neutro
Primero digital circus luego bluey y ahora intentnsame,No,Neutro,Neutro
Drogadamente 2:❌️❌️  Intensamente  2:✅️✅️🤑👌,Sí,Sorpresa,Neutro
El único buen cosplay es el de desagrado y también se podría decir que verguenza,Sí,Asco,Neutro
4:27 la ralla es igual ha la pelicula,Sí,Neutro,Neutro
Intensamente fumado 2,Sí,Neutro,Neutro
"Cuánto hate, todo equilibrado como debe estar",Sí,Ira,Neutro
Esas emociones se metieron algo,No,Asco,Neutro
Memo le robó los oomps loompas a Willy Wonka,No,Asco,Neutro
sm,No,Neutro,Neutro
Continuamos 🤑👌,Sí,Alegría,Neutro
*bailan por alguna razon*,No,Preguntar/Confusión,Neutro
Confirmo,Sí,Neutro,Neutro
Es por el fallecimiento de nancy Mckenzi😣😓😢😭,No,Tristeza,Neutro
​ @glendblockehellracer4904  que sad😢😢,Sí,Tristeza,Neutro
Marge con martillo,No,Neutro,Neutro
Se parece más a marge que a alegría 😹,Sí,Sorpresa,Neutro
Opino lo mismo xd,Sí,Alegría,Neutro
apenas me voy dando cuenta jajj,Sí,Alegría,Neutro
De hecho 😂,Sí,Alegría,Neutro
Imagínate que ya es muy odiada,No,Ira,Neutro
"Las emociones de riley:❌
Las fumadas de riley:✅",No,Neutro,Neutro
Que hagan video de intensamente 3,Sí,Alegría,Neutro
La única buena es desagrado,No,Asco,Neutro
0:19 adonde la van a llevar 🤨😧,Sí,Asco,Neutro
Yo con mis colores me pintó la cara de intensamente me encanta intensamente,Sí,Alegría,Neutro
2:05 TENGO HEMORROIDES😡😡🗣🗣🗣🗣,No,Ira,Neutro
Vicio-Intenso 2 🥲,Sí,Neutro,Neutro
Me encanta tus videos ❤❤,Sí,Alegría,Neutro
Quién es desagrado?,No,Asco,Neutro
6:20 Palabras de doble sentido💀,Sí,Asco,Neutro
"""Espereeeen que ¿que esta haciendo el? Viendo memes continuamos""😂😂😂😂",No,Alegría,Neutro
Por qué secuestras a los enanitos memo 😢,Sí,Asco,Neutro
Segundo 0:25 😂,Sí,Alegría,Neutro
Jajajajaja que chistoso,Sí,Alegría,Neutro
Mi pregunta eterna es de donde saca tantos enanitos?,No,Curiosidad,Neutro
"Intensamente 2:❌️
Vicio intenso 2:✅️",Sí,Ira,Neutro
9:43 XD 😂😂😂😂,Sí,Sorpresa,Neutro
La más inteligente es desagrado,No,Asco,Neutro
Yo te pago la terapia memo pero para para 😭😭😭,Sí,Sorpresa,Neutro
A mi choza,No,Neutro,Neutro
Y8,No,Neutro,Neutro
💀,No,Asco,Neutro
💀,No,Asco,Neutro
💀,No,Asco,Neutro
De la fábrica de Willy Wonka,No,Sorpresa,Neutro
"Buen video, me gustó mucho",Sí,Alegría,Neutro
"cuando estas en decadencia:

el resultado:",No,Asco,Neutro
YO VI UNO EN TIK TOK JAJAJA 🗣‼️,No,Sorpresa,Neutro
Saludos desde Venezuela 🥺🇻🇪,No,Neutro,Neutro
Weon re trofeada estaría la mentalidad del sujeto que tenga a estos tipos como las emociones ☠,Sí,Ira,Neutro
Intensadroga 2,No,Neutro,Neutro
Eres de.  Perú o de. Otro país ❤,No,Neutro,Neutro
Te amo memo sigue así!!!!😂😂😂,Sí,Alegría,Neutro
Tú vas a entrar al cine pero en el cine yo vi una vez Yo vi una vez en el cine película de intensamente❤🎉,Sí,Alegría,Neutro
"Tienda antihate: 
Pistola: 1 like
Cuchillo : una carita 😊
Escopeta : 2 likes
Misil con envió gratis: 5 likes 
Porfavor evitemos el hate  se ven mal así  
Aver que pasaría que te mostrara que eres hater enfrente de tu mamá 👀",Sí,Ira,Neutro
Crikosamente 2,No,Neutro,Neutro
Uy por qué cuándo vienes conmigo escalofríos,Sí,Miedo,Neutro
Un video ma mi jente para perder el tiempo  con drogados💀👍,No,Asco,Neutro
Anexados 2,No,Neutro,Neutro
Trauma de por vida😣,Sí,Tristeza,Neutro
Desagrado si se ve bonita 😿,Sí,Asco,Neutro
Desagrado lleva grado xd,No,Sorpresa,Neutro
Puedo utilizar este video para un vídeo mío XD?,Sí,Alegría,Neutro
Un Creepypasta mal adaptado,No,Asco,Neutro
El que lo grabó ☠️☠️☠️,No,Ira,Neutro
X2,No,Neutro,Neutro
X3,Sí,Neutro,Neutro
x4,No,Neutro,Neutro
X5,No,Neutro,Neutro
X6,No,Neutro,Neutro
X7,No,Neutro,Neutro
X8,No,Neutro,Neutro
×9,No,Neutro,Neutro
Le mostré eso a mi abuela y ahora está en coma😂🗿,Sí,Alegría,Neutro
Y ansiedad también 😂🗿,Sí,Ira,Neutro
3:07 👀 furia?,Sí,Ira,Neutro
Sal de mi mente porfa2,No,Asco,Neutro
"El ""estoy triste * se mata * se la llevan *"" y el ""me encanta tu pelona"" y el ""¡NOOO🐓🐓🐓🐓¡",Sí,Asco,Neutro
"Alegria: vamos a gritar😊
La señora:☠",Sí,Alegría,Neutro
El de desagrado está aceptable,No,Neutro,Neutro
Intensos polvos 2,No,Neutro,Neutro
Intenso y dr0g4d0 2,Sí,Neutro,Neutro
Si,Sí,Sorpresa,Neutro
Los únicos buenos cosplays son de desagrado y nostalgia xd,Sí,Sorpresa,Neutro
Ya duermenlo,No,Ira,Neutro
2:18 Furia haciendo gargaras,Sí,Ira,Neutro
Intensa-mente dr%gado 2,Sí,Asco,Neutro
A Memo le quedaría mejor el de Ansiedad 🤷🏻‍♂️,Sí,Sorpresa,Neutro
La película Se llama Vico en mi mente 2,No,Neutro,Neutro
Fumada intensa 2,No,Neutro,Neutro
Los weones 2,No,Neutro,Neutro
Eso más parece vicio en mi mente 2,Sí,Sorpresa,Neutro
Aquí los que vienen del vídeo de pablosts😂,Sí,Alegría,Neutro
Vengo del vídeo de johan 🗿,Sí,Neutro,Neutro
😮😮😢🎉😂😂😂😂😅😮😮😮 soy tu fan ❤❤,Sí,Alegría,Neutro
Pudieron usar guantes de colores,Sí,Neutro,Neutro
así se antoja más la desagrado,Sí,Asco,Neutro
Aterrador 😮,Sí,Miedo,Neutro
Yo digo que lo denunciemos y digamos que es terrorismo 🗿🚬,No,Ira,Neutro
Desagrado esta igual de buena 🗿,Sí,Sorpresa,Neutro
Ta bueno solo que me callo mal la ansiedad,Sí,Tristeza,Neutro
3:27 intensapobretud 🤑,Sí,Sorpresa,Neutro
Hierba intensa 2,Sí,Neutro,Neutro
Haz Un  Video de Desagrado y Temor Besándose Por favor 🙏,Sí,Sorpresa,Neutro
¿Cuando vas a parar memo?.... ¿¡CUANDO!?,No,Ira,Neutro
Eso vv alocate 🫦🫦,Sí,Alegría,Neutro
Desagrado❤🦄❤️🧡💛💙💚💜🦄,No,Asco,Neutro
Aquí a los que lo apoyan,Sí,Alegría,Neutro
La única que se rescata es desagrado,Sí,Asco,Neutro
"Intensamente:✖️
Vicio intenso:👍🤪",Sí,Sorpresa,Neutro
3:11 ❌ esquizofrenia ✅,Sí,Sorpresa,Neutro
internados 2,No,Neutro,Neutro
Intensamente 2 ª:❌Sal de minete 2 ☑️,Sí,Neutro,Neutro
se arranca los ojos,No,Asco,Neutro
Material para el kasaneru,No,Neutro,Neutro
Memo por lo menos se pudo haber disfrazado de hombre :v,Sí,Ira,Neutro
 @vicxd_jejejeje  exacto,Sí,Alegría,Neutro
Concuerdo,Sí,Neutro,Neutro
🚬🗿,No,Neutro,Neutro
Yo me apunto 🗿🚬,No,Neutro,Neutro
yo también,No,Neutro,Neutro
Yo también 🗿🚬,No,Neutro,Neutro
Ya lo hice caballeros 🚬🗿,Sí,Neutro,Neutro
"Fetichismo con los enanos??
😢😢",No,Asco,Neutro
digo lo mismo,No,Neutro,Neutro
🚬🗿,No,Neutro,Neutro
Me apunto 🚬🗿,No,Asco,Neutro
Estoy de acuerdo,Sí,Neutro,Neutro
Ufff buenísima idea 🚬🗿,Sí,Alegría,Neutro
Seeee,Sí,Alegría,Neutro
"Q pedo, me apunto",No,Neutro,Neutro
Y trauma,Sí,Miedo,Neutro
Donde firmo?,No,Neutro,Neutro
Apoyo la causa 🗿🗿🗿☕️,No,Neutro,Neutro
Apoyo la causa. 🗿🗿🗿☕️,No,Neutro,Neutro
Yo me apunto🗿🍷,No,Neutro,Neutro
Exelente idea,Sí,Alegría,Neutro
🌚,No,Neutro,Neutro
Si....un poco sospechoso,No,Sorpresa,Neutro
Ansiedad encantan,Sí,Alegría,Neutro
4:28 💀,Sí,Asco,Neutro
TODOS VIENEN DE TIKTOK😭,Sí,Asco,Neutro
3:06  ansiedroggada🤑🫵,Sí,Ira,Neutro
Lo único normal es desagrado,No,Ira,Neutro
Pasen name de desagrado 🥺🥵,Sí,Asco,Neutro
Memo luego puedes hacer el de una serie de anime que se llama Demon Slayer  porfiss❤❤❤,Sí,Alegría,Neutro
1:02 porque todos son enanos🙃,No,Asco,Neutro
Helado misterioso de La Isla votu 🤑,No,Neutro,Neutro
Intensa mente 2❌                        Vicio intenso 2✅,Sí,Asco,Neutro
oye memo ve a terapia me preocupas😰,No,Preocupación,Neutro
Desde cuando Memo tiene 6 enanos 💀💀💀,No,Asco,Neutro
Q se apiaden de nuestras almas,Sí,Tristeza,Neutro
Pasame tu tarjeta de enanocard quiero comprar unos enanos para mis que haceres del hogar :v,No,Asco,Neutro
Drogadamente2 😜🤪,No,Alegría,Neutro
1:05 tantos amigos chiquitos XDD,Sí,Alegría,Neutro
Drogadasintensas2,No,Neutro,Neutro
Solo sé que me dió cáncer de ojos,No,Asco,Neutro
Memo quiero que te vistas de Spunky,No,Neutro,Neutro
Ansiedad parace de película de terror,Sí,Miedo,Neutro
Si tiene el mejor outfit xd,Sí,Alegría,Neutro
Esta el Netflix ❤😊,No,Alegría,Neutro
Memo Trafica Enanos,No,Asco,Neutro
Yo sé la pago 🤚🗿,Sí,Sorpresa,Neutro
Se los robó al Willy Wonka😂🗿,No,Alegría,Neutro
Desde que se los vendí,No,Asco,Neutro
 @Operator_TF141  me vendes uno?,No,Neutro,Neutro
​ @Operator_TF141  A que precio están 🤑?,No,Neutro,Neutro
Pregunta seria ¿Cuanto cuesta rentar a un enanito? Es para una tarea 😐,No,Neutro,Neutro
Intensa la loquita del centro,Sí,Asco,Neutro
2:40 se parte la columna epicamente,Sí,Sorpresa,Neutro
Intensamentesquizofrenico,No,Asco,Neutro
"Intensamente 2 ❌
El Vicio Intenso 2 ✅",Sí,Sorpresa,Neutro
Intensadroga 2,No,Sorpresa,Neutro
"Intensamente2:🚫
Sal de mi mente2:👍",Sí,Asco,Neutro
LA UNICA EMOCION QUE SE VOLVIÓ  LOCA ES ANSIEDAD,Sí,Ansiedad,Neutro
"Aquí los que solo vinieron por desagrado
👇",No,Ira,Neutro
Me voy a recuperar tu dignidad huele con la otra,No,Ira,Neutro
Ta piola👍 tu disfraz de Marge Simpson,Sí,Alegría,Neutro
INTENSADROGA,No,Neutro,Neutro
Intensamente ❌                                                    vicio intenso✔️,Sí,Sorpresa,Neutro
Ansiedad: ¡Esperen un momento!,Sí,Sorpresa,Neutro
3:17 soy la única que en la tele vio a nostalgia,Sí,Sorpresa,Neutro
Las emociones de  intensadrogamentes,Sí,Sorpresa,Neutro
Ta chido vicio intenso 2,Sí,Alegría,Neutro
Esa cosa es la película de sol de mi mente 2,No,Neutro,Neutro
Grande Santiboy,No,Neutro,Neutro
La verdadera película de  intsamente 2,Sí,Neutro,Neutro
Solo robaselos a Willy Wonka y quedan gratis 🗿🚬😎🤏,No,Alegría,Neutro
Yo los vendo en Afganistán,No,Neutro,Neutro
3000,No,Neutro,Neutro
🤨 eso me suena medio sospechoso,No,Asco,Neutro
¿Por qué?,No,Preguntas,Neutro
Las emociones,Sí,Neutro,Neutro
Vicio en mi mente,Sí,Miedo,Neutro
"Intensamente 2 :❌
Intenso vicio :✔️",Sí,Sorpresa,Neutro
Me espante con ansiedad XD,Sí,Miedo,Neutro
Planta intensa dos,Sí,Neutro,Neutro
"Intensamente 2 ✖️ 

Vicio eni mente 2 ✔️",Sí,Asco,Neutro
Riley y sus adicciones🎉,No,Sorpresa,Neutro
"Mr White:Jesse necesitamos más cluentes
Riley: * existe *
Mr white:",No,Asco,Neutro
Esto me dara pesadillas😧,Sí,Miedo,Neutro
0:09  con dijo desagradó,Sí,Ira,Neutro
Un cheto con pelos de panocha 3:07,No,Asco,Neutro
Sal de mi mente 2😂😂😂😂,Sí,Alegría,Neutro
Las emociones de Riley en vicio intenso 2,Sí,Asco,Neutro
La película de intensamente 2 solo en cines,Sí,Neutro,Neutro
La cara de la señora en el elevador😂,No,Alegría,Neutro
Así es como @CoversIA ve a Desagradoxdxdxd,Sí,Sorpresa,Neutro
Ese es vicio intenso 2,Sí,Sorpresa,Neutro
3:58 QUE LOCURA ESTOY VIENDO JSJA,Sí,Sorpresa,Neutro
es vicio intenso,Sí,Asco,Neutro
Ya denle gotitas para dormir a ese memo. 😅,No,Ira,Neutro
La sentí intensa 2:,Sí,Sorpresa,Neutro
Puuuuuuuuuuuuutoooooooooossssss😂😂,Sí,Alegría,Neutro
me gustan tus videos❤,Sí,Alegría,Neutro
Se iso canon el vicio intenso 2,Sí,Asco,Neutro
Maldita mente dos,Sí,Ira,Neutro
A mi me gusta nostalgia,Sí,Nostalgia,Neutro
Mente intensa,Sí,Sorpresa,Neutro
0:07 Más adelante,No,Neutro,Neutro
Yo soy René y con mi mamá Ashly,No,Neutro,Neutro
5:55 viendo memes jajajajaja,No,Alegría,Neutro
Nada mas estoy esperando a the kasaneru a que saque su parodia,Sí,Sorpresa,Neutro
Te imaginas que se le salga un pedo xdd🤑🤑🤑,No,Sorpresa,Neutro
Es toes cine🎉🎉🎉🎉🎉🎉🎉🎉🎉🎉🎉🎉🎉🎉🎉🎉🎉🎉,Sí,Alegría,Neutro
2:40 tritesa modo pal piso loco🤑🤑,Sí,Alegría,Neutro
❤❤❤❤❤❤❤,Sí,Alegría,Neutro
Debería llamarse sal de mi cabeza 2,Sí,Alegría,Neutro
Cuanto por el Bulldog rojo?,No,Neutro,Neutro
Nueva emocion de :  trauma videografico,Sí,Asco,Neutro
Soy.  Su.  Más.   Rande.  Fan🎉,No,Alegría,Neutro
3:53 me encanta tu peinado 🗿,No,Alegría,Neutro
352me encata  tu pelona   ❤😊🎉😮😊🎉😢,Sí,Alegría,Neutro
"Intensamente 2: ✖️
Vicio intenso 2: ✔️",Sí,Neutro,Neutro
Me dio risa cuando se cayó  la  abuela 😂😂😂😂😂😂😂😂😂,Sí,Alegría,Neutro
Vivís en argentina 🇦🇷,No,Neutro,Neutro
Hola memo❤❤❤,No,Amistad,Neutro
❤,Sí,Alegría,Neutro
Xd😂 furia y temor tristeza,Sí,"Ira, Miedo, Tristeza",Neutro
Pasen name de desagrado xfa,No,Neutro,Neutro
"Intensamente 2: ❎
Drogadamente 2: ✅",Sí,Neutro,Neutro
Que bueno,Sí,Alegría,Neutro
ES ALEGRIA,Sí,Alegría,Neutro
Te gustó el día que hiciste como el día que que te disfrazaste de la familia madrigal y este de intensamente 2,Sí,Alegría,Neutro
Megusta mucho 😂😂😂,Sí,Alegría,Neutro
Jaja los ojos de tristeza😂😂😂😂😂😂😂😂😂😂,Sí,Alegría,Neutro
Pito qué lindo el disfraz de desagrado,Sí,Sorpresa,Neutro
Furia: Y siempre estoy enojado,Sí,Ira,Neutro
"Intensamente 2:❌
Riley sin papas 2:✅",Sí,Asco,Neutro
"Ryle y sus emociones ❌
Ryle y sus adicciones ✔",Sí,Ira,Neutro
memo ase.  El reto dele fentalino,No,Neutro,Neutro
4:28 😂😂 4:31 4:38 jaja,Sí,Alegría,Neutro
Alegria se parese a marchs simpson😂,Sí,Alegría,Neutro
saluditos memo:hand-pink-waving:,No,Neutro,Neutro
Cuando sale intensamente 3,Sí,Sorpresa,Neutro
1:37 Yo soy Alegría,Sí,Alegría,Neutro
Intensa mente en la vida real,Sí,Asombro,Neutro
Estoy enamorado de desagrado,Sí,Asco,Neutro
esto es vicio intenso 2,Sí,Sorpresa,Neutro
"Intensamente 2:❌❌
Insanamente 2:✅✅👽👽👽",Sí,Sorpresa,Neutro
Yo estoy muy triste ame😂😂,Sí,Tristeza,Neutro
todos las noches vengo a este video para dormir sabroso y tocarme un poco jeje me gusta el enano panzon rojo,Sí,Alegría,Neutro
3:10 Ansiedad,Sí,Miedo,Neutro
Aburrimiento: Todos los días estoy en mi celular viendo memes: Mira este de Ángela Guilar.,No,Sorpresa,Neutro
Vicio intenso,Sí,Asco,Neutro
Sal de mi mente 😂😂😂😂😂😂😂😂😂😂,Sí,Alegría,Neutro
4:27 es verguiza,Sí,Ira,Neutro
Sal en mi mente 2,No,Sorpresa,Neutro
ASI ME GUSTAN,Sí,Alegría,Neutro
Creo que me quedare trauma da de por vidaxdxdxdxdxdxdxdxdxdxdxdxdx😅,Sí,Asco,Neutro
"Memo, medícate por favor",No,Ira,Neutro
Que,No,Neutro,Neutro
Quiero llevar tigres al estreno de intensamente 2,Sí,Alegría,Neutro
en el minuto 4:26 es mi parte fav del video y espero me comprendan porque en efecto esto es cine,Sí,Sorpresa,Neutro
Pov:compras una película pirata del tianguis de intensamente 😂,Sí,Sorpresa,Neutro
4:25 emocion gula wey,Sí,Asco,Neutro
"Ellos son añegria , destreza ,ensalzado , jemor , furro , ancieded ,envedie , eñnui , embarazamiento y fostalia",Sí,Sorpresa,Neutro
El vicio intenso 2😂😂😂😂,Sí,Alegría,Neutro
❤,Sí,Alegría,Neutro
Yo fui a verla pelicula,No,Neutro,Neutro
"Intensamente 2:🚫

DROGAINTENSA🤑:✅️",Sí,Ira,Neutro
El vicio está intenso,Sí,Sorpresa,Neutro
"Alegria:❌ 
Alergia:✔",Sí,Asco,Neutro
"Ansiedad  o auxiliar 
Alegría o cacalia 
Desagrado o desagrado ❤
Tristeza o tiñesa 
Temor o tonmor 
Ennui O ecui 
Vergüenza o veñueza
Envidia o endiñia
Nostalgia o nocaquia 
Furia o furo",Sí,Neutro,Neutro
Pero los mejores de todos😂,Sí,Alegría,Neutro
Mi mente viciosa 2😂😂😂😂😂😂,Sí,Alegría,Neutro
Me encantan tus cosplay,Sí,Alegría,Neutro
Vicio intenso 2,Sí,Sorpresa,Neutro
Pov yo y mi compa cundo me junto con los dela esclina,No,Neutro,Neutro
"Intensamente 2❌
Viciointenso 2✅",Sí,Sorpresa,Neutro
6:06😊,Sí,Alegría,Neutro
"Aver, estoy viendo intensa mente 2 o vicio intenso 2??",Sí,Pregunta/Confusión,Neutro
WOW 😮😮😮😮❤❤❤,Sí,Alegría,Neutro
Mi amigo la cara de Furia un celu,Sí,Sorpresa,Neutro
Org1a-Mente 2,No,Neutro,Neutro
1:45 💛❤️💚💙💜🧡🩵🩷💜,No,Alegría,Neutro
"Santa Riley 

😊😊😊",No,Alegría,Neutro
AMO,Sí,Alegría,Neutro
Siiiiiiiiiiiìiìiiiiiiiiiiiiiiiiiiiiiiiiiiiiiiiiiiiiiiii😊😊😊😊😊😊,Sí,Alegría,Neutro
Buscado fentanilo 2,No,Neutro,Neutro
Intenso visió 😂,Sí,Alegría,Neutro
CREO QUE VOY A TENER PESADILLAS CON ANCIEDAD:eyes-purple-crying:,Sí,Tristeza,Neutro
Compré intensamente 2 en el tianguis 😞,Sí,Tristeza,Neutro
Intensa Mentedrogada 2,Sí,Sorpresa,Neutro
Lamentablemente 2 solo en cines,Sí,Ira,Neutro
Mi vició intenso 2 😂😂😂,Sí,Alegría,Neutro
Me     gusta,Sí,Alegría,Neutro
Minuto 7:02 es la esena eliminadabde intensa mente 2,Sí,Neutro,Neutro
Nuevo seguirdor:D,No,Neutro,Neutro
Vicio intenso 2,Sí,Sorpresa,Neutro
2:16 lo dijo con toda la sinceridad del mundo 🚬🗿,Sí,Sorpresa,Neutro
😊,Sí,Alegría,Neutro
"alguien acompañeme a llevarlo a su terapia
🗿",Sí,Sorpresa,Neutro
Vicio intenso 2,Sí,Neutro,Neutro
Vicio intenso 2 😂,Sí,Sorpresa,Neutro
Y quiero poner unas tarántulas en la función de intensamente 2,Sí,Sorpresa,Neutro
Vicio en mí mente 2,Sí,Sorpresa,Neutro
❤imprudencia 🎉😮😅😊😢😂❤,Sí,Sorpresa,Neutro
que le paso a la ansiedad 🧐🧐,Sí,Tristeza,Neutro
Lindo,Sí,Alegría,Neutro
La Bos de ansiedad si parece la bos de bardad de la peli😊,Sí,Alegría,Neutro
Me encanta intensamente me encantó tu video❤❤❤❤❤😊😊😊😊😊😊😊,Sí,Alegría,Neutro
Como CONSEGUISTE LA NA (Emmmmm,Sí,Alegría,Neutro
Me.               Gusta.              Tus.               Videos.      😊,Sí,Alegría,Neutro
Dryly is that in a carousel status😢,Sí,Asco,Neutro
EL.  COSPLAY. DE   ENVIDIA,Sí,Asco,Neutro
"Ansiedad ❌

Esquizofrenia ✅",Sí,Miedo,Neutro
Traumasente 2 vamos ya me pertube otra vez,Sí,Alegría,Neutro
Nueva emoción desbloqueada:???,Sí,Sorpresa,Neutro
Mifaforito es furia,Sí,Ira,Neutro
"Intensamente 2❌
Saldemimente 2✅",Sí,Neutro,Neutro
❤️❤️❤️❤️❤️❤️❤️,Sí,Alegría,Neutro
Wtf XDD😂😂😂😂😂😂😂😂😂😂,Sí,Alegría,Neutro
alguien llévelo a terapia 🗿,No,Asco,Neutro
❤ intensamente 2,Sí,Alegría,Neutro
Intenso Vicio 2 😂😂😂,Sí,Alegría,Neutro
"Intensamente dos❌


Intensamenteesquizo dos✅",Sí,Sorpresa,Neutro
La intensa draga 2,Sí,Sorpresa,Neutro
💛💙💜💚❤️,Sí,Alegría,Neutro
Sal de mi mente 2 😂😂😂😂,Sí,Alegría,Neutro
Ansiedad?,Sí,Miedo,Neutro
Vicio intenso 2,Sí,Asco,Neutro
Alegría viene con doble regalo 🤨,No,Sorpresa,Neutro
Sida en mi mente 2,No,Neutro,Neutro
Intensa mente 2 ❌mentedrogada ✔️,Sí,Asco,Neutro
jajajaja que gracioso,Sí,Alegría,Neutro
Desagrado: Que osos😊😅,No,Sorpresa,Neutro
4:27 ☠️☠️☠️,Sí,Asco,Neutro
Me justa desagrabo😊🥵🥵🥵💓💓,Sí,Alegría,Neutro
Incluso ansiedad se ve mejor en la película que en este video,Sí,Ira,Neutro
Amo a ansiedad,No,Neutro,Neutro
Internados 2,No,Neutro,Neutro
4:27 XDDDDD,Sí,Alegría,Neutro
"❤❤❤❤❤❤❤❤❤❤
❤❤❤❤❤❤",Sí,Alegría,Neutro
XD pero allí se pasan,Sí,Alegría,Neutro
Terror psicológico:,Sí,Miedo,Neutro
"intensamente 2:❌
Latengointensa 2: ✅",Sí,Sorpresa,Neutro
Intensamente 2❌    Sal de mi mente 2✅,Sí,Asco,Neutro
"Railey y sus emociones :❌
Railey y sus adicciones :✔️",Sí,Asco,Neutro
"Intensamente 2 ❌
 Ya salgan de mi mente 2 ✅",Sí,Sorpresa,Neutro
insanamente 2,Sí,Sorpresa,Neutro
"Intensmente❌
Indrogamente👍",Sí,Sorpresa,Neutro
"Intensamente 2❌

Viciosamente 2✅",Sí,Sorpresa,Neutro
Riley luego de 70 porros:,No,Sorpresa,Neutro
"Intensamente ❌
Polvitos intensos✅",Sí,Ira,Neutro
El vicio intenso🤑,Sí,Ira,Neutro
Ta potente🗿,Sí,Sorpresa,Neutro
😂alegría separeseami,Sí,Alegría,Neutro
"Intensa mente❌
La fumada mente✅",Sí,Sorpresa,Neutro
Willi wonka estaría orgulloso🍷🗿,Sí,Sorpresa,Neutro
"En drogasmente 2:

Agrelia 🤑

Ejonardo 🤑

Tremor 🤑

Desgracia🤑

Triquesa 🤑

Nostraial 🤑

Enchida 🤑

Ansidod 🗿",No,Neutro,Neutro
Vicio intenso 2 🥵,Sí,Sorpresa,Neutro
Es adicto al enanísimo 😂,Sí,Alegría,Neutro
Drogamente 2 ❎ Intensamente 2 ✅,Sí,Neutro,Neutro
"""Porque estas tan enojado siempre😥?? Tengo hemorroides 😡""",No,Ira,Neutro
Drogadamente 2:la se cuela,Sí,Ira,Neutro
2:35 Soy Tristeza,Sí,Tristeza,Neutro
La q esta amarilla es alergia,No,Neutro,Neutro
Sal de mi mente 2,Sí,Sorpresa,Neutro
4:28 XDDDDDD,Sí,Alegría,Neutro
Ls mejor parte es 2:35,Sí,Neutro,Neutro
Envidia es la más rara😂,Sí,Alegría,Neutro
Cuanto por el pug rojo??,No,Asco,Neutro
6:02 y esos pasos insanos?,Sí,Sorpresa,Neutro
Quiero olvidar esto mejor me ire ver tornados,No,Ira,Neutro
2:06 Ahora les presento a Desagrado,Sí,Sorpresa,Neutro
Y guapo😂❤,Sí,Alegría,Neutro
Este vato lo ha vuelto a hacer y apenas me doy cuenta xd,Sí,Alegría,Neutro
Vicio intenso 2 xd,Sí,Sorpresa,Neutro
Vicio intenso 2,Sí,Sorpresa,Neutro
Vicio intenso 2 🥵,Sí,Asombro,Neutro
Sintantamente 2,Sí,Sorpresa,Neutro
Yo cuando me drogo😂,No,Alegría,Neutro
Sal de mi mente 2,Sí,Asco,Neutro
traumadamente 2 xD,Sí,Sorpresa,Neutro
Jajaja,Sí,Alegría,Neutro
What the f*** cómo hay siete emociones 7,Sí,Sorpresa,Neutro
"Mentedrogada 2 🤑🏄‍♂️🎄
Intensmente 2 😤👺🤖👹",Sí,Neutro,Neutro
Vicio intenso 2,Sí,Sorpresa,Neutro
Soy tu fan furia,Sí,Alegría,Neutro
Qué le está haciendo ir a temor,Sí,Ira,Neutro
Fernanda López ❤🎉🎉🎉,No,Alegría,Neutro
Cómo que en ves de intensamente es vicio en mi mente 2,Sí,Ira,Neutro
"intensamente 2 ✖
Biciointenso   2  ✔",Sí,Asco,Neutro
Vicio intenso 2,Sí,Neutro,Neutro
Vicio intenso 2,Sí,Neutro,Neutro
Vicio intenso 2,Sí,Neutro,Neutro
Vicio intenso 2,Sí,Neutro,Neutro
Vicio intenso 2,Sí,Asco,Neutro
1:58  😂😂😂,Sí,Alegría,Neutro
Vicio intenso 2,Sí,Asco,Neutro
Vicio intenso 2,Sí,Sorpresa,Neutro
"Intensamente 2

Intensalatam 2",Sí,Neutro,Neutro
Vicio intenso 2,Sí,Sorpresa,Neutro
Vicio intenso 2,Sí,Neutro,Neutro
Vicio intenso 2,Sí,Asco,Neutro
Sal de mi mente 2,Sí,Sorpresa,Neutro
Vicio intenso 2,Sí,Alegría,Neutro
Poner rojas Pacheco,No,Neutro,Neutro
Vicio intenso 2,Sí,Sorpresa,Neutro
Vicio intenso 2,Sí,Sorpresa,Neutro
Vicio intenso 2,Sí,Asco,Neutro
La rilie seguro desarrollo  la emoción trauma🗿💀,No,Neutro,Neutro
La rilie seguro desarrollo  la emoción trauma🗿💀,No,Asco,Neutro
crocosamente dos,No,Neutro,Neutro
Por qué alegría parece willy wonka con la gripe amarilla 😮☝️,Sí,Sorpresa,Neutro
Teamo,No,Neutro,Neutro
Temor: Y el mundo se va acabar,Sí,Miedo,Neutro
2:10 Yo soy Desagrado,Sí,Asco,Neutro
0:18,Sí,Neutro,Neutro
Sal De Mi Mente 2😲,Sí,Sorpresa,Neutro
El vicio intenso 2,Sí,Neutro,Neutro
intensamente fumado🍷🗿,No,Neutro,Neutro
6:07,No,Neutro,Neutro
Buen video ahora yo y mi hermanito tenemos retraso mental,Sí,Ira,Neutro
ANSIEDAD❌,Sí,Asco,Neutro
El vicio intenso 2,Sí,Neutral,Neutro
El vicio intenso 2,Sí,Neutro,Neutro
Intensamente 😂😢😮😊😅😮,Sí,Sorpresa,Neutro
porque desagrado es el unico disfraz bueno?,Sí,Sorpresa,Neutro
4:25 Yo soy Vergüenza,Sí,Vergüenza,Neutro
ena mente de raylie hay calle?,No,Neutro,Neutro
1:53 Les presento a Furia,Sí,Sorpresa,Neutro
Vistannse de la película de barbie,No,Neutro,Neutro
2:37,Sí,Neutro,Neutro
Dan grin,Sí,Alegría,Neutro
Vicio intenso 2🗿🍷,Sí,Asco,Neutro
𝐶𝑜𝑚𝑜 𝑞𝑢𝑒 𝑙𝑎 𝑚𝑖𝑒𝑒𝑑𝑎 𝑎𝑧𝑢𝑙. 𝑆𝑒 𝑙𝑙𝑎𝑚𝑎 𝑝𝑟𝑖𝑛𝑠𝑒𝑠𝑎🤡,Sí,Sorpresa,Neutro
"Fumadamente 2, donde le entran a la mariguana",No,Neutro,Neutro
O mejor dicho traumas 2,Sí,Neutro,Neutro
q memo aónte me page mi terapia plis,No,Neutro,Neutro
Chamba para el the kaseneru,No,Neutro,Neutro
Uno de monters univers,No,Neutro,Neutro
2:05,Sí,Neutro,Neutro
8:26 como Intesamente 2 debio haber terminado,Sí,Ira,Neutro
Está muy raro ese personaje pero me gusta de alegría,Sí,Alegría,Neutro
Osea de monters inc,No,Neutro,Neutro
4:01,No,Neutro,Neutro
Disfrázate de 101 dálmatas,No,Neutro,Neutro
intensamente 2 ✖️,No,Asco,Neutro
Drogada mente 2,No,Asco,Neutro
😂😂😂😂😂 0:04 0:04 0:04 0:04 0:04jajajajaja,Sí,Alegría,Neutro
Sabías qué ansiedad y temor son novios,Sí,Ira,Neutro
donde compro los enanos?,No,Neutro,Neutro
2YOOOOOOOOOOO 1:34,Sí,Alegría,Neutro
Omg,Sí,Alegría,Neutro
Es la mente de Memo,Sí,Neutro,Neutro
Le doy también un cero,Sí,Ira,Neutro
Visio inteso 2,No,Neutro,Neutro
Intensamente 2,Sí,Sorpresa,Neutro
Tus disfraces,No,Neutro,Neutro
Los quiero😊😂😂,Sí,Alegría,Neutro
😮,Sí,Sorpresa,Neutro
Hola buenas tardes Yolanda,No,Neutro,Neutro
Xd... Mejor dicho intensamente lata 2,Sí,Alegría,Neutro
Vicio intenso 2,Sí,Sorpresa,Neutro
Donde compras los enanos?,No,Neutro,Neutro
Quize decir intensamente latam 2,Sí,Neutro,Neutro
Pq quiero unos enanos para mi 🤑,No,Asco,Neutro
Y Rayli,No,Neutro,Neutro
4:27 el poto xd,Sí,Alegría,Neutro
Hola 😂 jajaja ❤,Sí,Alegría,Neutro
🎉,Sí,Alegría,Neutro
Que crigech es del tianguis,No,Asco,Neutro
todos de temu,No,Neutro,Neutro
Envidia 💚 +💙 = ?,No,Neutro,Neutro
Toy triste,Sí,Tristeza,Neutro
me dio risa anticuado tu peinado,Sí,Sorpresa,Neutro
Aquí los que vieron un caballo sospechoso entrando a web😂,No,Sorpresa,Neutro
Como es que se prestan para hacer eso 😢,Sí,Tristeza,Neutro
saquenlo del sistema solar,No,Ira,Neutro
7:12,Sí,Neutro,Neutro
❤😂rara,Sí,Alegría,Neutro
"❌Intensamente 2
✔️Kricosamente 2",Sí,Sorpresa,Neutro
La mejor parte es 2:25,Sí,Sorpresa,Neutro
2:19,Sí,Neutro,Neutro
Vicio intenso 2 🤑,Sí,Sorpresa,Neutro
Vicio intenso 2,Sí,Sorpresa,Neutro
"Drogadamente 2
 
Raramente 2

Dudosadrogamente 2",No,Neutro,Neutro
Sal de mi mente 2🤣,Sí,Alegría,Neutro
Yo si me rei 😅,Sí,Alegría,Neutro
Las emociones son del  tianguis,No,Neutro,Neutro
"Intensamente 2❌
Drogamente 2✅",Sí,Ira,Neutro
2:31,No,Neutro,Neutro
"Legalisenla 

4:54 la rosa de Guadalupe xd

Legalisenlax2",No,Sorpresa,Neutro
Me llamo te encontró un chico que estaba grabando en tiktok,No,Neutro,Neutro
Intensadroga 2,Sí,Sorpresa,Neutro
Insanamente 2,Sí,Sorpresa,Neutro
Insanamente 2,Sí,Asco,Neutro
Me traume,Sí,Miedo,Neutro
Literal es un intensamente enanos 😂😂😂😂😂😂😂😂,Sí,Alegría,Neutro
3:48 Soy Envidia,Sí,Ira,Neutro
intensacogida 2:,Sí,Sorpresa,Neutro
Riley en su etapa dr0g4d1ct4,No,Neutro,Neutro
Me dio cancer en el cancer,No,Sorpresa,Neutro
Secuestrando personas 2 xd,No,Asco,Neutro
😂😂🎉 ah ya,Sí,Alegría,Neutro
Cricosamente 2,No,Neutro,Neutro
Blanca nieves aplaudiendo* :),Sí,Alegría,Neutro
Jajaja,Sí,Alegría,Neutro
"intensamente2✖

viciointenso2✔",No,Neutro,Neutro
porque furia sale del baño?😭😭😭😭,Sí,Ira,Neutro
de donde sacas tantos enanos? y donde los puedo comprar?,No,Ira,Neutro
Intensamente dogros 2,No,Neutro,Neutro
😅😅😅😅😅😅😅🤣🤣🤣🤣❤❤,Sí,Sorpresa,Neutro
Intensadroga😂😂😂,Sí,Alegría,Neutro
Cricosamente 2,No,Neutro,Neutro
Intenso vicio 2,Sí,Asco,Neutro
ansiedad párese una sanaoria,No,Neutro,Neutro
Como olvidar cuando Riley se metio algo en el cerebro,No,Tristeza,Neutro
😂😂😂❤❤❤❤❤❤🎉🎉🎉,Sí,Alegría,Neutro
vicio intenso 2,Sí,Sorpresa,Neutro
Drogaenmimente XD,Sí,Alegría,Neutro
🐼,No,Neutro,Neutro
vicio intenso 2,Sí,Neutro,Neutro
Enanamente 2,No,Neutro,Neutro
Que asthetic los enanes entrando 👁👄👁🥵,No,Asco,Neutro
3:59 𝓯𝓻𝓮𝓪𝓴𝔂 🫦,Sí,Sorpresa,Neutro
Sal de mi mente 2,Sí,Sorpresa,Neutro
Enanamente 2,No,Neutro,Neutro
Sal de mi mente 2,Sí,Sorpresa,Neutro
Sal de mi mente 2,Sí,Asco,Neutro
"Intensamente: ❌️

Intensadroga:✅️",Sí,Sorpresa,Neutro
Sal de mi mente 2,Sí,Sorpresa,Neutro
DrogaMente 2,No,Asco,Neutro
vicio intenso 2,Sí,Sorpresa,Neutro
Viciointenso 2,Sí,Sorpresa,Neutro
Y también quiero llevar gorilas al estreno de intensamente 2,Sí,Sorpresa,Neutro
Sal de mi mente 2,Sí,Sorpresa,Neutro
Sal de mi mente 2,Sí,Sorpresa,Neutro
Sal de mi mente 2,Sí,Sorpresa,Neutro
Sal de mi mente 2,Sí,Miedo,Neutro
Sal de mi mente 2,Sí,Sorpresa,Neutro
Sal de mi mente 2,Sí,Miedo,Neutro
😢 nuevo trauma,Sí,Tristeza,Neutro
intensomenso 2,Sí,Neutro,Neutro
"Enuui viendo karol g, flor",No,Neutro,Neutro
Lamentablemente 2,No,Tristeza,Neutro
me chaketie con el video,Sí,Alegría,Neutro
Desagrado  la unica decente😢,Sí,Asco,Neutro
Sal de mi mente 2,Sí,Sorpresa,Neutro
vicio en mi mente 2,Sí,Sorpresa,Neutro
Sal de mi mente 2,Sí,Sorpresa,Neutro
6:02 mis sueños con fiebre 🥵,Sí,Asco,Neutro
Intensadroga 2,Sí,Sorpresa,Neutro
0:10,Sí,Neutro,Neutro
Drogadamente 2 ☠️,No,Asco,Neutro
Intenso vicio dos,Sí,Asco,Neutro
Wtf de desde cuando alegría es hombre,Sí,Ira,Neutro
Enuui: viendo memes🎉🎉🎉,No,Alegría,Neutro
Y dónde está Riley,No,Asco,Neutro
"Intensa mente 2⁉️❌️
Drogada mente 2✅️‼️‼️‼️",Sí,Asco,Neutro
Vicio Intenso 2,Sí,Neutro,Neutro
❤❤❤,Sí,Alegría,Neutro
Y ustedes qué están haciendo todos,No,Neutro,Neutro
"Intensamente 2:❌️
Idiotasmente 2: ✅️",Sí,Ira,Neutro
😂😂😂😊😂❤❤❤,Sí,Alegría,Neutro
😁❤️,Sí,Alegría,Neutro
Intensovisio 2,No,Asco,Neutro
Literalmente: YouTube Kids 🗿🍷🎩🧐,No,Sorpresa,Neutro
Yo me voy a acostar,No,Neutro,Neutro
A mí me gustó desagrado más❤❤,Sí,Alegría,Neutro
ke seso disfraz para la próxima temporada te disfraz de sonic,No,Alegría,Neutro
Eeeeeeeeeee😊,Sí,Alegría,Neutro
Intestinalmente 2,Sí,Neutro,Neutro
Q disfrazes mas clandest1nos,No,Neutro,Neutro
Desagradamente2,No,Asco,Neutro
😂❤❤❤❤❤,Sí,Alegría,Neutro
Visiomente 2,No,Neutro,Neutro
Cabeza de pan05h4 🤑 3:11,No,Neutro,Neutro
Uno de Demon slayer,No,Neutro,Neutro
Mira mi mente 2,Sí,Neutro,Neutro
Endrogadamente 2:,No,Neutro,Neutro
2:26 Yo soy Temor,Sí,Miedo,Neutro
😅,No,Sorpresa,Neutro
Vicio Intenso 2,Sí,Neutro,Neutro
Intentasadroga 2,No,Asco,Neutro
Insanamente2,No,Neutro,Neutro
Sin ofender encerio pero mi amigo me envio un video de ustedes disfrasados q de decia vicio intenso 2 😔👊,Sí,Tristeza,Neutro
Trauma en mi mente 2,Sí,Tristeza,Neutro
Cricosamente 2,No,Neutro,Neutro
Demencia en mi mente 2,No,Asco,Neutro
Visio intenso 2.  🤑,Sí,Sorpresa,Neutro
Intensassustancias 2,Sí,Sorpresa,Neutro
"Intensamente:❌
Drogamente:✅",Sí,Sorpresa,Neutro
Vacío intenso 2😂😂😂😂😂😂😂😂😂😂😂,Sí,Alegría,Neutro
Goat,No,Neutro,Neutro
EXTREMOTEMOR✅,Sí,Sorpresa,Neutro
😂 Jajaja,Sí,Alegría,Neutro
2:34 nuevo trauma,Sí,Miedo,Neutro
0:28 0:28 0:29 0:30,Sí,Neutro,Neutro
2,No,Neutro,Neutro
Jajaja 😂,Sí,Alegría,Neutro
Inside out 2,No,Neutro,Neutro
Inside out 2,No,Neutro,Neutro
Dogralia 😎,No,Neutro,Neutro
❤memo,No,Neutro,Neutro
😮😮😮😮😮2,Sí,Sorpresa,Neutro
😨😨😨😨😨,Sí,Miedo,Neutro
Roberto😅😊😂🎉❤😮,Sí,Alegría,Neutro
Intensovicio 2,Sí,Sorpresa,Neutro
2:18 a ja ja ja a aja aj aja 🗣️‼️‼️😡😡😡‼️‼️,Sí,Ira,Neutro
"Intensamente 2✅️✅️
Drogadamente 2 ❌️❌️😠😠",Sí,Ira,Neutro
Este video deberia llamarse:trauma mente 💀,Sí,Asco,Neutro
Aguante pesp pluma❤❤❤,No,Alegría,Neutro
Jaja😂,Sí,Alegría,Neutro
1:46 1:47 1:47 1:47 1:48,Sí,Neutro,Neutro
Médiamente 2,No,Neutro,Neutro
Ola soy yatzii 😂🎉🎉🎉🎉❤😢,Sí,Alegría,Neutro
"Ansiedad❌
Ansiñedad ✅",Sí,Alegría,Neutro
1:38 puro wueco se mira,Sí,Alegría,Neutro
Me traume,Sí,Asco,Neutro
Pov:compro un muñeco de ansiedad lo que me entregan😔,No,Tristeza,Neutro
𝚃𝚞𝚖𝚘𝚛 𝚢 𝚝𝚒𝚐𝚛𝚎𝚜𝚊,No,Neutro,Neutro
2,No,Neutro,Neutro
"4:25 

Verguenza:🚫

Cachondes 🥵:✅️",Sí,Ira,Neutro
xDDDD,Sí,Alegría,Neutro
Un tumor intenso en mi cabeza dos 2,No,Asco,Neutro
"Nose quien está mal de la mente, el que hizo el vídeo o yo que ví el vídeo",Sí,Sorpresa,Neutro
4:27 Vergüenza? 💀,Sí,Asco,Neutro
"Intensamente❌

Fumadamente✔️🤑🤑🤑🤑",Sí,Alegría,Neutro
Intensa mota,No,Asco,Neutro
Like si viniste por el vídeo de pablots,Sí,Neutro,Neutro
Ñiley nostarga inquietud la pulga wervensa y arnia,No,Neutro,Neutro
memo?🤨,No,Sorpresa,Neutro
hagan un video mhaciendo ela mor,Sí,Ira,Neutro
😮😮😮😮😅😅😅😅😅😅😅😍😍,Sí,Sorpresa,Neutro
traumada mente 2,Sí,Asco,Neutro
Son de temu ajajaja,Sí,Sorpresa,Neutro
Intensamente drogada 2 ❤,Sí,Sorpresa,Neutro
Malardamente 2,No,Neutro,Neutro
A mí me gusta descargado y envidia,Sí,Alegría,Neutro
La llegeda de envidia :gogogogog,No,Sorpresa,Neutro
Drogada intensa 2,No,Neutro,Neutro
🎉❤😅😂,Sí,Alegría,Neutro
Porque solo hay 3 enanos si eran como 80,No,Ira,Neutro
DROGAMENTE 2 SOLO EN CINES,No,Ira,Neutro
Alguien sabe cómo podemos tumbar su cuenta?,No,Ira,Neutro
Las emociones de Alfredo adame:,No,Neutro,Neutro
FAMILY,No,Neutro,Neutro
Dorgadaintenso 2,Sí,Neutro,Neutro
Que?,No,Neutro,Neutro
24 breaking bad,No,Neutro,Neutro
FALTATALENTOALEGRIA✅,Sí,Alegría,Neutro
PRÁCTICAANSIEDAD✅,Sí,Ira,Neutro
Visiointenso 2 o mentedrogada 2,Sí,Ira,Neutro
¿Es raro que este video me dé risa?,Sí,Alegría,Neutro
Hola aren,No,Neutro,Neutro
Los que vienen de udea 2:☠️,No,Neutro,Neutro
Soy tu fan🏔️🏝️🏞️🛤️🌊🥗🍱,No,Neutro,Neutro
Ezquisofrenia intensa,Sí,Sorpresa,Neutro
1:56 Yo soy Furia,Sí,Ira,Neutro
Lo que ve mi primito de 5 años:,No,Neutro,Neutro
Pues al chile yo si me ando dando a memo disfrazado de alegria 🥵🥵🥵🥵🥵🥵🔥🔥,Sí,Alegría,Neutro
MEHNOSTALGIA✅,Sí,Melancolía,Neutro
sal de mi mente 2,Sí,Sorpresa,Neutro
Me gusto desagrado y vergüenza :),Sí,Alegría,Neutro
FURIA2/,No,Asco,Neutro
BOGDAN CATNAP POPPY PLAYTIME 3,No,Neutro,Neutro
Parece que riley le echo al paracetamol,No,Asco,Neutro
Sal De Mi Mente 2,Sí,Neutro,Neutro
Satán grita pidiendo piedad,Sí,Ira,Neutro
anexamente 2,No,Neutro,Neutro
Intensasdrogas 2,No,Asco,Neutro
Intensocriko 2,Sí,Neutro,Neutro
😂😂😂😂,Sí,Alegría,Neutro
Drogadamente 2,No,Neutro,Neutro
Hola,No,Neutro,Neutro
Drogadamente 2,No,Neutro,Neutro
Drogadamente 2,No,Neutro,Neutro
Drogadamente 2,No,Neutro,Neutro
Drogadamente 2,No,Neutro,Neutro
4:27 lo único bueno del vídeo 🤣🤣🤣🤣🤣🤣🤣🤣🤣🤣,Sí,Alegría,Neutro
😂😂😂😂,Sí,Alegría,Neutro
😍🤩🤩🤩🤩🥰🥰🥰🥰🥰😘😘😘😁😘,Sí,Alegría,Neutro
Drogadamente 2,No,Neutro,Neutro
🤣🤣🤣🤣🤣🤣🤣,Sí,Alegría,Neutro
Drogadamente 2,No,Asco,Neutro
Drogadamente 2,No,Neutro,Neutro
❤❤❤❤❤❤❤❤❤❤❤❤❤❤🎉🎉🎉🎉🎉🎉🎉🎉🎉🎉🎉🎉🎉,Sí,Alegría,Neutro
Drogadamente 2,No,Neutro,Neutro
se  mato   tristesa,Sí,Tristeza,Neutro
4:06 Yo soy Aburrimiento,Sí,Aburrimiento,Neutro
Como que a vergüenza se le vio todo el qlo.... 😔,Sí,Tristeza,Neutro
MEMO APOTNE,No,Neutro,Neutro
?,No,Neutro,Neutro
Ceasco.     Selebe.    Lacola,No,Neutro,Neutro
Piensodroga 2,No,Neutro,Neutro
😂😂😂😂😂😂😅,Sí,Alegría,Neutro
😂😂😂😂😂😂😂 😂,Sí,Alegría,Neutro
Verdesita!,No,Sorpresa,Neutro
Tu.                    VMe.       Gusta.,No,Neutro,Neutro
Que les pasó est,No,Neutro,Neutro
Ja❤❤,Sí,Alegría,Neutro
9:36 bruh,No,Asco,Neutro
😂😂😂😂😂😂😂😂😂😂😂😂😂,Sí,Alegría,Neutro
GODENVIDIA✅,No,Neutro,Neutro
Xd  xd,Sí,Alegría,Neutro
intensamelamete2,No,Neutro,Neutro
😅😅😅😅,No,Alegría,Neutro
A,No,Neutro,Neutro
", 🎉🎉🎉🎉🎉🎉",Sí,Alegría,Neutro
😂😂😂😂😂😂,Sí,Alegría,Neutro
Saldemimente 2💀💀💀💀,No,Asco,Neutro
MEMOOOOOOOOOOOOOOOOOOOO,Sí,Asco,Neutro
Vengo por memes random del cometario mentedrogada 😂😂😂😂😂😂,No,Alegría,Neutro
Al final estoy muy triste JAJAJAJAJAJA,Sí,Tristeza,Neutro
00:09 perdonarme Diosito por la cochinada que estoy a punto de hacer,Sí,Ira,Neutro
ᴛɪᴇɴᴇs ᴜɴ ғᴀʙʀɪᴄᴀ ᴅᴇ ᴇɴᴀɴᴏs xᴅ😂😂,Sí,Alegría,Neutro
"Intensamente 2 ❌❌❌❌❌❌❌     
Sal de mi mente 2  ✅✅✅✅✅✅✅",Sí,Sorpresa,Neutro
Sufrimiento 2,Sí,Asco,Neutro
😂😂😂😂😂🎉🎉😮😮😮😮,Sí,Alegría,Neutro
😂😂😂😂😂😂,Sí,Alegría,Neutro
"Sobreexplotacion de enanos 

Cine🚬🚬",No,Asco,Neutro
Canserigicamente 2,No,Neutro,Neutro
Mariguaneramente 2,No,Neutro,Neutro
FACILFURIA✅,No,Neutro,Neutro
HELENA ❤❤❤😔👍🏻,Sí,Asco,Neutro
FumadaIntensa 2,Sí,Asco,Neutro
💀,No,Asco,Neutro
Drogamente 2,No,Neutro,Neutro
XD,Sí,Alegría,Neutro
Jajaja,Sí,Alegría,Neutro
Quiero ver cómo hacer Biblia,No,Neutro,Neutro
😰😰😰😰😰😨😨,Sí,Miedo,Neutro
Desagrado 5:08 1o de10,No,Asco,Neutro
Tell me like eat let me in,No,Neutro,Neutro
😂,Sí,Alegría,Neutro
Tritesa  traumas,No,Neutro,Neutro
César $50 de la cruz,No,Neutro,Neutro
XD😂,Sí,Alegría,Neutro
𝙉𝙤𝙢𝙗𝙧𝙚 𝙢𝙚𝙟𝙤𝙧 𝙚𝙨 𝙚𝙡 𝙙𝙚 𝙚𝙣𝙫𝙞𝙙𝙞𝙖 🤓☝,Sí,Sorpresa,Neutro
Por qué se disfraza de escasamente Y por qué se taparon la nariz Furia y envidia😂😂😂😂😂 las emociones le temes te tengo esos disfraces de d temu😂😂😂😂😂😂😂😂,Sí,Alegría,Neutro
BUENOENNUI✅,No,Neutro,Neutro
La mejor parte es 2:05,Sí,Asco,Neutro
Intensamente drogada 2,No,Asco,Neutro
A quien  adotan mas,No,Neutro,Neutro
Sal de mi mente 2,Sí,Sorpresa,Neutro
"Intensamente 2 ❌🚫😑👎
Vicio Intenso 2 ✅✅👌🤑🍷🧐",No,Ira,Neutro
😮🎉😊❤🎉😂😢😅,Sí,"Sorpresa, Alegría",Neutro
Bajo wekkkw,No,Neutro,Neutro
"Nose, yo vengo por ricardo alcaraz 🗣📢‼️‼️",No,Asco,Neutro
Si xddd😊,Sí,Alegría,Neutro
Listoooooo,Sí,Alegría,Neutro
2:21 ig de desagrado,No,Asco,Neutro
Krickomente 2,No,Neutro,Neutro
DIFICILDESAGRADO✅,No,Asco,Neutro
Hñ😢,No,Tristeza,Neutro
Boracho furia,Sí,Ira,Neutro
Intensadiarrea 2,No,Asco,Neutro
Aquí los que se dieron cuenta que falto riley👇 👇,Sí,Ira,Neutro
Mentedrogada :2,No,Neutro,Neutro
insanamente2,No,Neutro,Neutro
"Intensamente ❌❌
Esquisofrenicamente ⬅️",Sí,Sorpresa,Neutro
Saquenme los ojos,Sí,Asco,Neutro
Le falto a rile,No,Asco,Neutro
EXQUISOFRENIKA MENTER 2,Sí,Sorpresa,Neutro
Apareció la nv de larin,No,Sorpresa,Neutro
xD 7:05,Sí,Sorpresa,Neutro
😢😊😅😮,Sí,Sorpresa,Neutro
Ahora mi emocion es verguenza,Sí,Vergüenza,Neutro
la unica chida es desagrado como siempre,Sí,Asco,Neutro
Me drogue intensamente 2,Sí,Ira,Neutro
Intestino 2👻,No,Neutro,Neutro
❤❤❤❤❤😂😂😂😂😂😂😂😂😂😂😂😂😂😂😂😂😂😂😂😂,Sí,Alegría,Neutro
Que le pasa a envidia,No,Asco,Neutro
Jijijijiji,Sí,Alegría,Neutro
XD,Sí,Alegría,Neutro
B juegos para juegos,No,Neutro,Neutro
💛💚❤️💜🤍🧡🧼❤🗡️,No,Neutro,Neutro
😂😂😂😂💔💔💔💔💔,Sí,Alegría,Neutro
Bisiointenso 2,No,Neutro,Neutro
INTENSAMENTE DROGA2,No,Neutro,Neutro
Mesucribi,No,Neutro,Neutro
Bruuuu,Sí,Sorpresa,Neutro
Mira te llamo atu tio,No,Neutro,Neutro
4:27 - 4:38☠️☠️☠️💀💀,Sí,Asco,Neutro
Jajaja 3:54,Sí,Alegría,Neutro
Drogamelamente 2,No,Neutro,Neutro
👁👄👁,Sí,Asco,Neutro
💀,Sí,Asco,Neutro
Ig de disgusto,Sí,Asco,Neutro
🧡💜🤍❤️💚💛🧼💙,No,Alegría,Neutro
𝙼𝚒 𝚒𝚗𝚏𝚊𝚗𝚜𝚒𝚊,No,Neutro,Neutro
🧡💜🤍❤️💚💛🧼💙,No,Neutro,Neutro
Raid,No,Neutro,Neutro
💛❤️💚💙💜🧡🩵💜🩷,No,Sorpresa,Neutro
Aditcionintensa 🤑🤑,Sí,Sorpresa,Neutro
R15,No,Neutro,Neutro
Perros más qué,No,Neutro,Neutro
Soy riley,No,Neutro,Neutro
👇,No,Neutro,Neutro
Hi,No,Neutro,Neutro
Que miserables deben de ser sus papás 😿,Sí,Asco,Neutro
FURIA❌,Sí,Ira,Neutro
Porque son todos enanos😂😅 xd 1:58,Sí,Alegría,Neutro
3:03 ㄥ卂丂 ᗪ乇爪卂丂 乇爪ㄖ匚|ㄖ几乇丂 : ¿Ҩㄩ乇 ㄒ|乇几乇?,No,Neutro,Neutro
3:03 ㄥ卂丂 ᗪ乇爪卂丂 乇爪ㄖ匚|ㄖ几乇丂 : ¿Ҩㄩ乇 ㄒ|乇几乇?,No,Neutro,Neutro
Ansiedad parece esquizofrenia según mi hermana y según yo parece una zanahoria deforme,Sí,Asco,Neutro
Los. Difrases. Son.  Feos.   Desaclado. Es. Lindo 🤢🤢😳😯😪,Sí,Asco,Neutro
Como que me da algo xd,Sí,Alegría,Neutro
Me gustan todos los personajesentonces tampoco,Sí,Neutro,Neutro
Xd 4:26,Sí,Sorpresa,Neutro
"Intensamente ❌

Marihuanamente✅",No,Asco,Neutro
🟥🟧🟨🟩🟦🟪,No,Neutro,Neutro
El tiptok y akaleri,No,Neutro,Neutro
Intensamente2❌ esquizofrenicamete2✅,No,Neutro,Neutro
Quién se ha pasado por ansiedad?,Sí,Tristeza,Neutro
🥹🙂🤣😭🫥,Sí,Sorpresa,Neutro
😮😮😮😮😮😮😮😮😮  😂😂😂😂😂😂😂😂😂😂,Sí,Sorpresa,Neutro
🎉🎉🎉🎉🎉🎉,Sí,Alegría,Neutro
😡😭,Sí,Ira,Neutro
🤍🩵🩷🩶🖤,No,Neutro,Neutro
Drogamente 2,No,Asco,Neutro
Me,No,Neutro,Neutro
Lo unico que quiero saber es memo de donde saca tantos enanos,No,Ira,Neutro
🙂😡❤️💛🩵💚💦,Sí,Alegría,Neutro
II II ye,No,Neutro,Neutro
Alegría 😂 😥  😡,Sí,Alegría,Neutro
Para que te de leche casera,No,Neutro,Neutro
Bebidas que ey77,No,Neutro,Neutro
Que pedo angel,No,Sorpresa,Neutro
Top cinco pervertidos 3:47,No,Neutro,Neutro
😂😂😂😂q10,Sí,Alegría,Neutro
Retrasadamente 2,No,Neutro,Neutro
😂😢😮😂🎉🎉😢😢😮😅😅,Sí,Alegría,Neutro
K,No,Neutro,Neutro
Polvointenso 2,Sí,Asco,Neutro
Michael jackson,No,Neutro,Neutro
Cero,No,Asco,Neutro
Coco,No,Neutro,Neutro
🦍🐺🐺🦧,No,Neutro,Neutro
VOTEN AQUÍ PARA QUE HAGA UNO DE SALLY FACE🗣️🗣️🗣️🗣️‼️‼️⬇️⬇️⬇️⬇️⬇️,Sí,Alegría,Neutro
Soy tu fan,No,Alegría,Neutro
Cero,No,Neutro,Neutro
Mema ponte potu,No,Neutro,Neutro
Alguien de 2025?,No,Sorpresa,Neutro
memo yo tengo una muñeca de papel de envidia y es mas bonita😍😊,No,Alegría,Neutro
Intesadroga,No,Neutro,Neutro
8:08 8:09 8:10 8:10 ❤❤❤❤❤❤❤❤❤❤❤❤❤❤❤❤❤❤❤❤❤❤❤❤❤❤,Sí,Asco,Neutro
Wtf,No,Ira,Neutro
Inmensospenes 2,No,Neutro,Neutro
Me encantó el vídeo,Sí,Alegría,Neutro
🟩🟢,No,Neutro,Neutro
Xddddddddddddddddddddddddddddddddd,No,Neutro,Neutro
00:57 un ejército de enanos 😱,Sí,Asco,Neutro
Es bromaco estas en fermo?,Sí,Sorpresa,Neutro
😮🎉❤❤😮😮😮😮🎉🎉,Sí,Alegría,Neutro
"😅😮😂❤,,😢😮😂🎉😅😅",Sí,Sorpresa,Neutro
autistamente 2,No,Neutro,Neutro
Desagrado: Y tampoco me gustan la música de banda y Peso Pluma y que Grinch,No,Asco,Neutro
Angelkkkkk(kkkkkkkkkk,No,Neutro,Neutro
"Estás en un bote y solo tienes espacio para uno mas, a quién salvas? Memo o Kuno?",No,Sorpresa,Neutro
8:58 entendido por alegria 9:21 que?,Sí,Sorpresa,Neutro
😤🤢🥹🥹😐☺️,Sí,Asco,Neutro
Información hdfh,No,Neutro,Neutro
Regrese Xd,Sí,Alegría,Neutro
Desagrado es la unica que esta igual a la película :v,Sí,Ira,Neutro
Y dónde está nvidia aburrimiento,No,Neutro,Neutro
Que nadie sepa que veo esto 😭,Sí,Tristeza,Neutro
A,No,Neutro,Neutro
Spsela😅😢,Sí,Asco,Neutro
Tus padres llama Disen que es tam de seccionado de ti,No,Asco,Neutro
Drogaintensa 2,No,Neutro,Neutro
",, me das Grinch",No,Ira,Neutro
Soy trollo,No,Asco,Neutro
Esto esla mente del drogadicto de la esquina dos,No,Asco,Neutro
La cagada va en la casa,No,Ira,Neutro
0:10,Sí,Neutro,Neutro
Así es,Sí,Neutro,Neutro
❤😂🎉😢😮😅😊cein,No,Neutro,Neutro
Bu Saba ata word,No,Neutro,Neutro
😂🐶🍉🌏🎆🔉🏴🇦🇫;-),No,Alegría,Neutro
😂 Yu,Sí,Alegría,Neutro
La mejor parte es 2:04,Sí,Neutro,Neutro
M.,No,Neutro,Neutro
Literally worser than Andreas Eskander. Do you agree?,No,Ira,Neutro
54321,No,Neutro,Neutro
8:22 me doy cuenta que ansiedad tienes dos bocas,Sí,Ira,Neutro
Loca mente 2,Sí,Alegría,Neutro
🤑🤑🤑🤑🤑,No,Alegría,Neutro
NORMALTRISTEZA✅,Sí,Tristeza,Neutro
TCA,No,Neutro,Neutro
😊 un i'm i'm,Sí,Sorpresa,Neutro
Cómo caíste tan bajo😢,Sí,Asco,Neutro
wtffffffffffffffff,No,Asco,Neutro
wtf,No,Ira,Neutro
Virgennnmmmmm,No,Neutro,Neutro
Porque esta wea tiene más de 4 millones de views?,Sí,Sorpresa,Neutro
T voy a enviarte una carta,No,Neutro,Neutro
Y la otra es 4:25,Sí,Neutro,Neutro
La mejor parte es 8:24,Sí,Alegría,Neutro
La mejor parte es 8:24,Sí,Sorpresa,Neutro
"Las emociones:
Ezquizofrenia 
Depresion 
Autismo 
Psicopata 
Sindrome de down",No,Sorpresa,Neutro
NORMALVERGUENZA✅,Sí,Sorpresa,Neutro
Cómo esto tiene más vistas que la tragedia de Venezuela?,No,Ira,Neutro
Hg,No,Neutro,Neutro
nueva emoción esckisofrenia,No,Neutro,Neutro
"2:39 
Tristesa:🚫

Depresión🤑:✅️",Sí,Tristeza,Neutro
Todos muy divertidos😂pero si dan un poquito de miedoy más anciedad😅,Sí,Sorpresa,Neutro
",aid",No,Neutro,Neutro
Qué le pasa ansiedad ansiedad está loca,Sí,Ira,Neutro
Cuenta en decadencia 🗿,No,Asco,Neutro
Raili ya es una puberta,Sí,Ira,Neutro
😡😡😡😡😡😡😡😡😡,Sí,Ira,Neutro
Creo que el menos crinje es el de desagradó,Sí,Asco,Neutro
Pero que mrd de videos. 🤡🤌🏻,No,Ira,Neutro
Bbbbb😂❤😊,Sí,Alegría,Neutro
WTF 💀,Sí,Ira,Neutro
Bbbbbbbb❤😂😊,Sí,Alegría,Neutro
drogadamente 2,No,Asco,Neutro
Ok pero desagrado,Sí,Ira,Neutro
😡😞🤮😁,Sí,Ira,Neutro
Burda,No,Asco,Neutro
Intenso cancer,No,Asco,Neutro
Nose si reírme o queme de cringre,Sí,Sorpresa,Neutro
Chiste con aburrimiento pues te pegó a ti☠☠☠☠☠☠☠☠☠☠☠☠☠☠☠☠☠☠☠☠☠☠☠☠☠,Sí,Ira,Neutro
Drogadamente 2,No,Asco,Neutro
YA BASTA FREZEER,No,Ira,Neutro
porque todos tus amigos son enanos,No,Ira,Neutro
"Me gusta desagrado es hermosa, ❤️💚💖💚💚💖💚💚💚💚💚💚💚🤢🤢🤮🤮",Sí,Alegría,Neutro
Libera a los enanos,No,Sorpresa,Neutro
lo unico bueno del video es desagrado,Sí,Asco,Neutro
"willy wonka tipo:devuelvanme ah mis oompa loompas
la elsa tipo:devuelveme ah ana 
XD",Sí,Sorpresa,Neutro
INSIDE AUTISMO,No,Neutro,Neutro
JAJAJAJ EL DE ENVIDIA,Sí,Ira,Neutro
Familia de enanos😂,No,Sorpresa,Neutro
MEMO Y RILE 😡,No,Ira,Neutro
Soy yo o aburrimiento parece la llorona,Sí,Ira,Neutro
"Intensamente 2:❌️
Destrulle mi mente 2:✅️",Sí,Sorpresa,Neutro
Como tiene tantos enanos,No,Ira,Neutro
quien me apoya a denunciarlo por terrorismo 🤡👻🗿🍷,No,Asco,Neutro
Te gustaron los dos videos el de los días de intensamente y el día de cómo,Sí,Neutro,Neutro
me moj eun poco memo,Sí,Alegría,Neutro
yo ya lo hice como 2876378738 veces JSJSJJKAJA,Sí,Sorpresa,Neutro
Chafa mente dos,No,Neutro,Neutro
😂o 7:57 u,Sí,Alegría,Neutro
Está nervioso y es tan bruscos😅,Sí,Sorpresa,Neutro
Qué concha😂😂😂😂😂,Sí,Alegría,Neutro
mente intensa locura intesa,No,Neutro,Neutro
👎👎👎🤢🤢🤮🤮🤮,Sí,Asco,Neutro
2:37 Estoy triste,Sí,Tristeza,Neutro
"todos las emociones de kgada intensa 2
Alergia
Toto
Tumor
Fobia
Desgraciado
Añeñad 
Sin Verguenza
wi wi
Epilepsia",Sí,Sorpresa,Neutro
"3:52 , 4:29 wtf",Sí,Asco,Neutro
Desagrado sí sabías todo es verde como el brócoli,No,Asco,Neutro
Xd,No,Neutro,Neutro
👎👎👎,Sí,Asco,Neutro
